<?xml version="1.0" encoding="UTF-8"?>

<config>
    <notifications>
        <group type="GOLD"   eventText="#twiceMoreGold"   version="gold_18.04.2019"/>
        <group type="SILVER" eventText="" version="gold_19.03.2019_9"/>
        <group type="VIP"    eventText=""    version="gold_19.03.2019_9"/>
        <group type="ENERGY" eventText="" version="gold_19.03.2019_9"/>
        <group type="FREE"   eventText=""   version="gold_19.03.2019_9"/>
        <group type="AvaCoin"   eventText=""   version="gold_19.03.2019_9"/>
       <group type="hall21_Loot_Coin"   eventText=""   version="gold_19.03.2019_9"/>
    </notifications>
    <!-- payment - reosource to spend -->
    <!-- purchase - reosource to purchase for spent resources -->
    <!-- payment and purchase should be only one at the moment per product -->
    <!-- buy ANYTHING for REAL (Store purchase) - REAL needs no amount (detected from iTunesTore) -->
    <!-- buy SILVER for GOLD (has contant proportion) - SILVER needs no amount -->
    <products>

        <!-- AVATOUR COINS -->
        
        <product id="hall21_Loot_Coin1" title="Silver1_ru" image="icon_avacoin_1.png" platforms="IOS|ANDROID" builds="ANY"
            description="1200" amountOld="" endTimestamp="" bonusText="" template="bankModernProductAvacoin">            
            <payment type="GOLD" amount="144"/>
            <purchase type="AvaCoin" amount="1200"/>
        </product>
        <product id="AvaCoin2" title="Silver1_ru" image="icon_avacoin_2.png" platforms="IOS|ANDROID" builds="ANY"
            description="2500" amountOld="" endTimestamp="" bonusText="" template="bankModernProductAvacoin">
            <payment type="GOLD" amount="288"/>
            <purchase type="AvaCoin" amount="2500"/>
        </product>
        <product id="AvaCoin3" title="Silver1_ru" image="icon_avacoin_3.png" platforms="IOS|ANDROID" builds="ANY"
            description="12000" amountOld="" endTimestamp="" bonusText="" template="bankModernProductAvacoin">
            <payment type="GOLD" amount="1320"/>
            <purchase type="AvaCoin" amount="12000"/>
        </product>
        <product id="AvaCoin4" title="Silver1_ru" image="icon_avacoin_4.png" platforms="IOS|ANDROID" builds="ANY"
            description="25000" amountOld="" endTimestamp="" bonusText="" template="bankModernProductAvacoin">
            <payment type="GOLD" amount="2700"/>
            <purchase type="AvaCoin" amount="25000"/>
        </product>

        <!-- HLWN 2021 -->

        <product id="hall21_Loot_Coin1" title="Silver1_ru" image="icon_event_1.png" platforms="IOS|ANDROID" builds="ANY"
            description="2700" amountOld="" endTimestamp="" bonusText="" template="bankModernProductEvent">
            <payment type="GOLD" amount="120"/>
            <purchase type="hall21_Loot_Coin" amount="2700"/>
        </product>
        <product id="hall21_Loot_Coin2" title="Silver1_ru" image="icon_event_2.png" platforms="IOS|ANDROID" builds="ANY"
            description="8000" amountOld="" endTimestamp="" bonusText="" template="bankModernProductEvent">
            <payment type="GOLD" amount="300"/>
            <purchase type="hall21_Loot_Coin" amount="8000"/>
        </product>
        <product id="hall21_Loot_Coin3" title="Silver1_ru" image="icon_event_3.png" platforms="IOS|ANDROID" builds="ANY"
            description="27000" amountOld="" endTimestamp="" bonusText="" template="bankModernProductEvent">
            <payment type="GOLD" amount="1250"/>
            <purchase type="hall21_Loot_Coin" amount="27000"/>
        </product>
        <product id="hall21_Loot_Coin4" title="Silver1_ru" image="icon_event_4.png" platforms="IOS|ANDROID" builds="ANY"
            description="70000" amountOld="" endTimestamp="" bonusText="" template="bankModernProductEvent">
            <payment type="GOLD" amount="3150"/>
            <purchase type="hall21_Loot_Coin" amount="70000"/>
        </product> 


        <!-- EVENT COINS -->

         <!-- GAME CHIPS -->

        <product id="GameChips1" title="Silver1_ru" image="buy_chip_1.png" platforms="IOS|ANDROID" builds="ANY"
            description="1" amountOld="" endTimestamp="" bonusText="">
            <payment type="GOLD" amount="1"/>
            <purchase type="CHIPS" amount="1"/>
        </product>
        <product id="GameChips10" title="Silver1_ru" image="buy_chip_10.png" platforms="IOS|ANDROID" builds="ANY"
            description="10" amountOld="" endTimestamp="" bonusText="">
            <payment type="GOLD" amount="10"/>
            <purchase type="CHIPS" amount="10"/>
        </product>
        <product id="GameChips25" title="Silver1_ru" image="buy_chip_25.png" platforms="IOS|ANDROID" builds="ANY"
            description="25" amountOld="" endTimestamp="" bonusText="">
            <payment type="GOLD" amount="25"/>
            <purchase type="CHIPS" amount="25"/>
        </product>
        <product id="GameChips100" title="Silver1_ru" image="buy_chip_100.png" platforms="IOS|ANDROID" builds="ANY"
            description="100" amountOld="" endTimestamp="" bonusText="">
            <payment type="GOLD" amount="100"/>
            <purchase type="CHIPS" amount="100"/>
        </product>

        <!-- RU gold vip packs (iOS|ANDROID) -->
        <product id="gold_vip_5" title="Vip1_ru" image="vip1.png" description="vip5Days" platforms="IOS|ANDROID" builds="RU">
            <payment type="GOLD" amount="176"/>
            <purchase type="VIP" amount="5"/>
        </product>
        <product id="gold_vip_14" title="Vip2_ru" image="vip2.png" description="vip14Days" platforms="IOS|ANDROID" builds="RU">
            <payment type="GOLD" amount="425"/>
            <purchase type="VIP" amount="14"/>
        </product>
        <product id="gold_vip_30" title="Vip3_ru" image="vip3.png" description="vip30Days" platforms="IOS|ANDROID" builds="RU">
            <payment type="GOLD" amount="720"/>
            <purchase type="VIP" amount="30"/>
        </product>
        <product id="gold_vip_365" title="Vip365_ru" image="vip4.png" description="vip365Days" platforms="IOS|ANDROID" builds="RU" bonusText="#labelBenefit">
            <payment type="GOLD" amount="7500"/>
            <purchase type="VIP" amount="365"/>
        </product>

        <!-- LOOTBOXES -->

        <!-- 

        <product id="com.101xp.avataria.lootbox1sale_rus_andr" title="#chestRabbitTitle" image="icon_pinyata3.png" platforms="ANDROID" priceUSD_ANDROID="4.99" description="#chestRabbitTitle" bonusText="SALE" endTimestamp="" template="bankModernProductChest">
            <payment type="REAL_MONEY"/>
            <purchase type="CHEST" id="1" />
        </product>
        <product id="com.101xp.avataria.lootbox1sale_rus" title="#chestRabbitTitle" image="icon_pinyata3.png" platforms="IOS" priceUSD_IOS="4.99" description="#chestRabbitTitle" bonusText="SALE" endTimestamp="" template="bankModernProductChest">
            <payment type="REAL_MONEY"/>
            <purchase type="CHEST" id="1" />
        </product>

        <product id="PinyataMedic2021" title="#chestHospLamaTitle" image="icon_pinyata8.png" bonusText="LIMITED" platforms="IOS|ANDROID" description="#chestHospLamaTitle" endTimestamp="" template="bankModernProductChest">
            <payment type="SILVER" amount="7999"/>
            <purchase type="CHEST" id="11" />
        </product>

        <product id="PinyataTerra" title="#chestSummerLamaTitle" image="icon_pinyata10.png" platforms="IOS|ANDROID" description="#chestSummerLamaTitle" template="bankModernProductChest">
            <payment type="AvaCoin" amount="699"/>
            <purchase type="CHEST" id="12" />
        </product>

        <product id="PinyataCowork" title="#chestSeptemberLamaTitle" image="icon_pinyataCoworking.png" platforms="IOS|ANDROID" description="#chestSeptemberLamaTitle" template="bankModernProductChest" bonusText="SPECIAL">
            <payment type="GOLD" amount="75"/>
            <purchase type="CHEST" id="20" />
        </product> 

        <product id="lbox_ww" title="#chestWWTitle" image="icon_pinyata4.png" platforms="IOS|ANDROID" description="#chestWWTitle" template="bankModernProductChest">
            <payment type="AvaCoin" amount="599"/>
            <purchase type="CHEST" id="6" />
        </product>
        
        <product id="com.101xp.avataria.offer4d_2_rus_andr" title="#catsgacha_label" image="icon_pinyata11.png" platforms="ANDROID" priceUSD_ANDROID="3.99" description="#catsgacha_label" endTimestamp="" template="bankModernProductChest">
            <payment type="REAL_MONEY"/>
            <purchase type="CHEST" id="19" />
        </product>
        <product id="com.101xp.avataria.offer4d_2_rus" title="#catsgacha_label" image="icon_pinyata11.png" platforms="IOS" priceUSD_IOS="3.99" description="#catsgacha_label" endTimestamp="" template="bankModernProductChest">
            <payment type="REAL_MONEY"/>
            <purchase type="CHEST" id="19" />
        </product>

        -->

        <product id="PinyataMedic2021" title="#chestHospLamaTitle" image="icon_pinyata8.png" bonusText="LIMITED" platforms="IOS|ANDROID" description="#chestHospLamaTitle" endTimestamp="" template="bankModernProductChest">
            <payment type="SILVER" amount="7999"/>
            <purchase type="CHEST" id="11" />
        </product>

        <product id="lbox_witch2021" title="#circusllama_2_label" bonusText="EVENT" image="icon_pinyatawitch.png" platforms="IOS|ANDROID" description="#circusllama_2_label" template="bankModernProductChest">
            <payment type="hall21_Loot_Coin" amount="2555"/>
            <purchase type="CHEST" id="22" />
        </product>

        <product id="com.101xp.avataria.lootbox1_rus_andr" title="#chestRabbitTitle" image="icon_pinyata3.png" platforms="ANDROID" priceUSD_ANDROID="9.99" description="#chestRabbitTitle" endTimestamp="" template="bankModernProductChest">
            <payment type="REAL_MONEY"/>
            <purchase type="CHEST" id="1" />
        </product>
        <product id="com.101xp.avataria.lootbox1_rus" title="#chestRabbitTitle" image="icon_pinyata3.png" platforms="IOS" priceUSD_IOS="9.99" description="#chestRabbitTitle" endTimestamp="" template="bankModernProductChest">
            <payment type="REAL_MONEY"/>
            <purchase type="CHEST" id="1" />
        </product>
           
        <product id="lbox_basic" title="#chestBasicTitle" image="icon_pinyata1.png" platforms="IOS|ANDROID" description="#chestBasicTitle" template="bankModernProductChest">
            <payment type="GOLD" amount="45"/>
            <purchase type="CHEST" id="4" />
        </product>       

        <product id="lbox_freetryout" title="#chestFreeLamaTitle" image="icon_pinyata5.png" platforms="IOS|ANDROID" description="chestFreeLamaTitle" template="bankModernProductChest">
            <payment type="FREE" />
            <purchase type="CHEST" id="7" />
        </product>

        <!-- BUNDLES -->

<!--
        <product id="com.101xp.avataria.bundle12_rus" title="offer601title" image="icon_bundle_601.png" template="bankModernProductSuiteFurniture" priceUSD_IOS="10.99" platforms="IOS" builds="RU" priceOld="2.5">
            <payment type="REAL_MONEY"/> 
            <purchase type="OFFER" amount="601" bank="1"/> 
        </product>

        <product id="com.101xp.avataria.bundle12_rus_andr" title="offer601title" image="icon_bundle_601.png" template="bankModernProductSuiteFurniture" priceUSD_ANDROID="10.99" platforms="ANDROID" builds="RU" priceOld="2.5">
            <payment type="REAL_MONEY"/> 
            <purchase type="OFFER" amount="601" bank="1"/> 
        </product>

        <product id="com.101xp.avataria.bundle7_rus" title="offer603title" image="icon_bundle_603.png" template="bankModernProductSuiteClothes" priceUSD_IOS="6.99" platforms="IOS" builds="RU" priceOld="2.5">
            <payment type="REAL_MONEY"/> 
            <purchase type="OFFER" amount="603" bank="1"/> 
        </product>

        <product id="com.101xp.avataria.bundle7_rus_andr" title="offer603title" image="icon_bundle_603.png" template="bankModernProductSuiteClothes" priceUSD_ANDROID="6.99" platforms="ANDROID" builds="RU" priceOld="2.5">
            <payment type="REAL_MONEY"/> 
            <purchase type="OFFER" amount="603" bank="1"/> 
        </product>

        <product id="bundle_602" title="offer602title" image="icon_bundle_602.png" template="bankModernProductSuiteFurniture" platforms="IOS|ANDROID" builds="RU" priceOld="43423">
            <payment type="AvaCoin" amount="22222"/> 
            <purchase type="OFFER" amount="602" bank="1"/> 
        </product>

        <product id="bundle_604" title="offer604title" image="icon_bundle_604.png" template="bankModernProductSuiteFurniture" platforms="IOS|ANDROID" builds="RU" priceOld="37777">
            <payment type="AvaCoin" amount="18888"/> 
            <purchase type="OFFER" amount="604" bank="1"/> 
        </product>     

        <product id="bundle_605" title="lnsroom_label" image="icon_bundle_605.png" template="bankModernProductSuiteFurniture" platforms="IOS|ANDROID" builds="RU" priceOld="22222">
            <payment type="AvaCoin" amount="11111"/> 
            <purchase type="OFFER" amount="605" bank="1"/> 
        </product> 

        <product id="bundle_606" title="proGamer_label" image="icon_bundle_606.png" template="bankModernProductSuiteFurniture" platforms="IOS|ANDROID" builds="RU" priceOld="50616">
            <payment type="AvaCoin" amount="19999"/> 
            <purchase type="OFFER" amount="606" bank="1"/> 
        </product>

        <product id="com.101xp.avataria.offer15_rus" title="offer608title" image="icon_bundle_608.png" template="bankModernProductSuiteFurniture" priceUSD_IOS="3.99" platforms="IOS" builds="RU" priceOld="4">
            <payment type="REAL_MONEY"/> 
            <purchase type="OFFER" amount="608" bank="1"/> 
        </product>

        <product id="com.101xp.avataria.offer15_rus_andr" title="offer608title" image="icon_bundle_608.png" template="bankModernProductSuiteFurniture" priceUSD_ANDROID="3.99" platforms="ANDROID"  builds="RU" priceOld="4">
            <payment type="REAL_MONEY"/> 
            <purchase type="OFFER" amount="608" bank="1"/> 
        </product>

        <product id="bundle_607" title="studroom_label" image="icon_bundle_607.png" template="bankModernProductSuiteFurniture" platforms="IOS|ANDROID" builds="RU" priceOld="31900">
            <payment type="AvaCoin" amount="9999"/> 
            <purchase type="OFFER" amount="607" bank="1"/> 
        </product>

        <product id="bundle_609" title="drgnrm_label" image="icon_bundle_609.png" template="bankModernProductSuiteFurniture" platforms="IOS|ANDROID" builds="RU" priceOld="6492">
            <payment type="GOLD" amount="2199"/> 
            <purchase type="OFFER" amount="609" bank="1"/> 
        </product> 

        <product id="bundle_610" title="NY14NY18Label" image="icon_bundle_610.png" template="bankModernProductSuiteFurniture" platforms="IOS|ANDROID" builds="RU" priceOld="4239">
            <payment type="GOLD" amount="1399"/> 
            <purchase type="OFFER" amount="610" bank="1"/> 
        </product>

        <product id="bundle_613" title="mayaCollection1Label" image="icon_bundle_613.png" template="bankModernProductSuiteFurniture" platforms="IOS|ANDROID" builds="RU" priceOld="4573">
            <payment type="GOLD" amount="1555"/> 
            <purchase type="OFFER" amount="613" bank="1"/> 
        </product>

        <product id="bundle_604" title="offer604title" image="icon_bundle_604.png" template="bankModernProductSuiteFurniture" platforms="IOS|ANDROID" builds="RU" priceOld="6058">
            <payment type="GOLD" amount="1999"/> 
            <purchase type="OFFER" amount="604" bank="1"/> 
        </product>

        <product id="bundle_616" title="rmfrwrkg_label" image="icon_bundle_616.png" template="bankModernProductSuiteFurniture" platforms="IOS|ANDROID" builds="RU" priceOld="4663">
            <payment type="GOLD" amount="1399"/> 
            <purchase type="OFFER" amount="616" bank="1"/> 
        </product>

        <product id="bundle_605" title="lnsroom_label" image="icon_offer_605.png" template="bankModernProductSuiteFurniture" platforms="IOS|ANDROID" builds="RU" priceOld="22222">
            <payment type="AvaCoin" amount="11111"/> 
            <purchase type="OFFER" amount="605" bank="1"/> 
        </product> 

        <product id="bundle_609" title="drgnrm_label" image="icon_bundle_609.png" template="bankModernProductSuiteFurniture" platforms="IOS|ANDROID" builds="RU" priceOld="6492">
            <payment type="GOLD" amount="2199"/> 
            <purchase type="OFFER" amount="609" bank="1"/> 
        </product> 

        <product id="com.101xp.avataria.offer16_rus" title="studroom_label" image="icon_bundle_607_ed.png" template="bankModernProductSuiteFurniture" priceUSD_IOS="4.99" platforms="IOS" builds="RU" priceOld="5.82">
            <payment type="REAL_MONEY"/> 
            <purchase type="OFFER" amount="618" bank="1"/> 
        </product>

        <product id="com.101xp.avataria.offer16_rus_andr" title="studroom_label" image="icon_bundle_607_ed.png" template="bankModernProductSuiteFurniture" priceUSD_ANDROID="4.99" platforms="ANDROID" builds="RU" priceOld="5.82">
            <payment type="REAL_MONEY"/> 
            <purchase type="OFFER" amount="618" bank="1"/> 
        </product>

        <product id="bundle_619" title="offer601title" image="icon_bundle_618.png" template="bankModernProductSuiteFurniture" platforms="IOS|ANDROID" builds="RU" priceOld="6996">
            <payment type="GOLD" amount="2099"/> 
            <purchase type="OFFER" amount="619" bank="1"/> 
        </product>

        <product id="bundle_620" title="turkishbath_label" image="icon_bundle_620.png" template="bankModernProductSuiteFurniture" platforms="IOS|ANDROID" builds="RU" priceOld="3997">
            <payment type="GOLD" amount="1199"/> 
            <purchase type="OFFER" amount="620" bank="1"/> 
        </product>

        <product id="com.101xp.avataria.offer2d_1_rus" title="bundleDachaResidentLabel" image="icon_bundle_621.png" template="bankModernProductSuiteFurniture" priceUSD_IOS="1.99" platforms="IOS" builds="RU" priceOld="5.82">
            <payment type="REAL_MONEY"/> 
            <purchase type="OFFER" amount="621" bank="1"/> 
        </product>

        <product id="com.101xp.avataria.offer2d_1_rus_andr" title="bundleDachaResidentLabel" image="icon_bundle_621.png" template="bankModernProductSuiteFurniture" priceUSD_ANDROID="1.99" platforms="ANDROID" builds="RU" priceOld="5.82">
            <payment type="REAL_MONEY"/> 
            <purchase type="OFFER" amount="621" bank="1"/> 
        </product>

        <product id="com.101xp.avataria.offer3d_1_rus" title="bundleDachaSetLabel" image="icon_bundle_622.png" template="bankModernProductSuiteFurniture" priceUSD_IOS="2.99" platforms="IOS" builds="RU" priceOld="5.82">
            <payment type="REAL_MONEY"/> 
            <purchase type="OFFER" amount="622" bank="1"/> 
        </product>

        <product id="com.101xp.avataria.offer3d_1_rus_andr" title="bundleDachaSetLabel" image="icon_bundle_622.png" template="bankModernProductSuiteFurniture" priceUSD_ANDROID="2.99" platforms="ANDROID" builds="RU" priceOld="5.82">
            <payment type="REAL_MONEY"/> 
            <purchase type="OFFER" amount="622" bank="1"/> 
        </product> 
        
        <product id="com.101xp.avataria.offer4d_1_rus" title="summerBundleTitle"  image="icon_bundle_623.png" template="bankModernProductSuiteFurniture" priceUSD_IOS="3.99" platforms="IOS" builds="RU" priceOld="5.82">
            <payment type="REAL_MONEY"/> 
            <purchase type="OFFER" amount="623" bank="1"/> 
        </product>

        <product id="com.101xp.avataria.offer4d_1_rus_andr" title="summerBundleTitle" image="icon_bundle_623.png" template="bankModernProductSuiteFurniture" priceUSD_ANDROID="3.99" platforms="ANDROID" builds="RU" priceOld="5.82">
            <payment type="REAL_MONEY"/> 
            <purchase type="OFFER" amount="623" bank="1"/> 
        </product>

        <product id="com.101xp.avataria.offer3d_1_rus" title="offer624title" image="icon_bundle_624.png" template="bankModernProductSuiteFurniture" priceUSD_IOS="2.99" platforms="IOS" builds="RU" priceOld="2.5">
            <payment type="REAL_MONEY"/>
            <purchase type="OFFER" amount="624" bank="1"/>
        </product>

        <product id="com.101xp.avataria.offer3d_1_rus_andr" title="offer624title" image="icon_bundle_624.png" template="bankModernProductSuiteFurniture" priceUSD_ANDROID="2.99" platforms="ANDROID" builds="RU" priceOld="2.5">
            <payment type="REAL_MONEY"/> 
            <purchase type="OFFER" amount="624" bank="1"/> 
        </product>

        <product id="com.101xp.avataria.offer4d_1_rus" title="offer625title" image="icon_bundle_625.png" template="bankModernProductSuiteFurniture" priceUSD_IOS="3.99" platforms="IOS" builds="RU" priceOld="2.5">
            <payment type="REAL_MONEY"/> 
            <purchase type="OFFER" amount="625" bank="1"/> 
        </product>

        <product id="com.101xp.avataria.offer4d_1_rus_andr" title="offer625title" image="icon_bundle_625.png" template="bankModernProductSuiteFurniture" priceUSD_ANDROID="3.99" platforms="ANDROID" builds="RU" priceOld="2.5">
            <payment type="REAL_MONEY"/> 
            <purchase type="OFFER" amount="625" bank="1"/> 
        </product>

        <product id="bundle_620" title="turkishbath_label" image="icon_bundle_620.png" template="bankModernProductSuiteFurniture" platforms="IOS|ANDROID" builds="RU" priceOld="3997">
            <payment type="GOLD" amount="1199"/> 
            <purchase type="OFFER" amount="620" bank="1"/> 
        </product>

        <product id="bundle_612" title="TropicalSpring19" image="icon_bundle_612.png" template="bankModernProductSuiteFurniture" platforms="IOS|ANDROID" builds="RU" priceOld="4512">
            <payment type="GOLD" amount="1399"/> 
            <purchase type="OFFER" amount="612" bank="1"/> 
        </product>

        <product id="com.101xp.avataria.offer4d_1_rus" title="offer626title" image="icon_bundle_626.png" template="bankModernProductSuiteFurniture" priceUSD_IOS="3.99" platforms="IOS" builds="RU" priceOld="2.5">
            <payment type="REAL_MONEY"/> 
            <purchase type="OFFER" amount="626" bank="1"/> 
        </product>

        <product id="com.101xp.avataria.offer4d_1_rus_andr" title="offer626title" image="icon_bundle_626.png" template="bankModernProductSuiteFurniture" priceUSD_ANDROID="3.99" platforms="ANDROID" builds="RU" priceOld="2.5">
            <payment type="REAL_MONEY"/> 
            <purchase type="OFFER" amount="626" bank="1"/> 
        </product> 

        <product id="com.101xp.avataria.offer5d_1_rus" title="MagicForest19_label" image="icon_bundle_627.png" template="bankModernProductSuiteFurniture" priceUSD_IOS="4.99" platforms="IOS" builds="RU" priceOld="2.6">
            <payment type="REAL_MONEY"/> 
            <purchase type="OFFER" amount="627" bank="1"/> 
        </product>

        <product id="com.101xp.avataria.offer5d_1_rus_andr" title="MagicForest19_label" image="icon_bundle_627.png" template="bankModernProductSuiteFurniture" priceUSD_ANDROID="4.99" platforms="ANDROID" builds="RU" priceOld="2.6">
            <payment type="REAL_MONEY"/> 
            <purchase type="OFFER" amount="627" bank="1"/> 
        </product>

        <product id="com.101xp.avataria.offer3d_1_rus" title="beachminievent_label" image="icon_bundle_628.png" template="bankModernProductSuiteFurniture" priceUSD_IOS="2.99" platforms="IOS" builds="RU" priceOld="5.82">
            <payment type="REAL_MONEY"/> 
            <purchase type="OFFER" amount="628" bank="1"/> 
        </product>

        <product id="com.101xp.avataria.offer3d_1_rus_andr" title="beachminievent_label" image="icon_bundle_628.png" template="bankModernProductSuiteFurniture" priceUSD_ANDROID="2.99" platforms="ANDROID" builds="RU" priceOld="5.82">
            <payment type="REAL_MONEY"/> 
            <purchase type="OFFER" amount="628" bank="1"/> 
        </product> 

        <product id="com.101xp.avataria.offer4d_1_rus" title="summerBundleTitle"  image="icon_bundle_623.png" template="bankModernProductSuiteFurniture" priceUSD_IOS="3.99" platforms="IOS" builds="RU" priceOld="5.82">
            <payment type="REAL_MONEY"/> 
            <purchase type="OFFER" amount="623" bank="1"/> 
        </product>

        <product id="com.101xp.avataria.offer4d_1_rus_andr" title="summerBundleTitle" image="icon_bundle_623.png" template="bankModernProductSuiteFurniture" priceUSD_ANDROID="3.99" platforms="ANDROID" builds="RU" priceOld="5.82">
            <payment type="REAL_MONEY"/> 
            <purchase type="OFFER" amount="623" bank="1"/> 
        </product>

        <product id="com.101xp.avataria.offer3d_2_rus" title="backToSchoolLabel" image="icon_bundle_629.png" template="bankModernProductSuiteFurniture" priceUSD_IOS="2.99" platforms="IOS" builds="RU" priceOld="5.82">
            <payment type="REAL_MONEY"/> 
            <purchase type="OFFER" amount="629" bank="1"/> 
        </product>

        <product id="com.101xp.avataria.offer3d_2_rus_andr" title="backToSchoolLabel" image="icon_bundle_629.png" template="bankModernProductSuiteFurniture" priceUSD_ANDROID="2.99" platforms="ANDROID" builds="RU" priceOld="5.82">
            <payment type="REAL_MONEY"/> 
            <purchase type="OFFER" amount="629" bank="1"/> 
        </product>

        <product id="bundle_615" title="SHRoom_label" image="icon_bundle_615.png" template="bankModernProductSuiteFurniture" platforms="IOS|ANDROID" builds="RU" priceOld="666663">
            <payment type="SILVER" amount="199999"/> 
            <purchase type="OFFER" amount="615" bank="1"/> 
        </product>

        <product id="com.101xp.avataria.offer15_rus_andr" title="AvaGymFurLabel" image="icon_bundle_614.png" template="bankModernProductSuiteFurniture" priceUSD_ANDROID="3.99" platforms="ANDROID"  builds="RU" priceOld="8.64">
            <payment type="REAL_MONEY"/> 
            <purchase type="OFFER" amount="614" bank="1"/> 
        </product>

        <product id="com.101xp.avataria.offer15_rus" title="AvaGymFurLabel" image="icon_bundle_614.png" template="bankModernProductSuiteFurniture" priceUSD_IOS="3.99" platforms="IOS" builds="RU" priceOld="8.64">
            <payment type="REAL_MONEY"/> 
            <purchase type="OFFER" amount="614" bank="1"/> 
        </product>

        <product id="bundle_611" title="boysteamPunk_label" image="icon_bundle_611.png" template="bankModernProductSuiteFurniture" platforms="IOS|ANDROID" builds="RU" priceOld="5330">
            <payment type="GOLD" amount="1599"/> 
            <purchase type="OFFER" amount="611" bank="1"/> 
        </product>

        <product id="com.101xp.avataria.bundle7_rus" title="dngrbundle_label" image="icon_bundle_617.png" template="bankModernProductSuiteFurniture" priceUSD_IOS="6.99" platforms="IOS" builds="RU" priceOld="5.82">
            <payment type="REAL_MONEY"/> 
            <purchase type="OFFER" amount="630" bank="1"/> 
        </product>

        <product id="com.101xp.avataria.bundle7_rus_andr" title="dngrbundle_label" image="icon_bundle_617.png" template="bankModernProductSuiteFurniture" priceUSD_ANDROID="6.99" platforms="ANDROID" builds="RU" priceOld="5.82">
            <payment type="REAL_MONEY"/> 
            <purchase type="OFFER" amount="630" bank="1"/> 
        </product>
--> 

        <product id="com.101xp.avataria.offer2d_1_rus" title="bundle_636_label" image="icon_bundle_636.png" template="bankModernProductSuiteClothes" priceUSD_IOS="1.99" platforms="IOS" builds="RU" priceOld="10.9">
            <payment type="REAL_MONEY"/> 
            <purchase type="OFFER" amount="636" bank="1"/> 
        </product>

        <product id="com.101xp.avataria.offer2d_1_rus_andr" title="bundle_636_label" image="icon_bundle_636.png" template="bankModernProductSuiteClothes" priceUSD_ANDROID="1.99" platforms="ANDROID" builds="RU" priceOld="10.9">
            <payment type="REAL_MONEY"/> 
            <purchase type="OFFER" amount="636" bank="1"/> 
        </product>

        <product id="com.101xp.avataria.bundle7_rus" title="bundle_634_label" image="icon_bundle_634.png" template="bankModernProductSuiteFurniture" priceUSD_IOS="6.99" platforms="IOS" builds="RU" priceOld="5.82">
            <payment type="REAL_MONEY"/> 
            <purchase type="OFFER" amount="634" bank="1"/> 
        </product>

        <product id="com.101xp.avataria.bundle7_rus_andr" title="bundle_634_label" image="icon_bundle_634.png" template="bankModernProductSuiteFurniture" priceUSD_ANDROID="6.99" platforms="ANDROID" builds="RU" priceOld="5.82">
            <payment type="REAL_MONEY"/> 
            <purchase type="OFFER" amount="634" bank="1"/> 
        </product>

        <product id="bundle_633" title="bundle_633_label" image="icon_bundle_633.png" template="bankModernProductSuiteFurniture" platforms="IOS|ANDROID" builds="RU" priceOld="3996">
            <payment type="GOLD" amount="1199"/> 
            <purchase type="OFFER" amount="633" bank="1"/> 
        </product>

        <product id="bundle_632" title="bundle632_label" image="icon_bundle_632.png" template="bankModernProductSuiteFurniture" platforms="IOS|ANDROID" builds="RU" priceOld="3650">
            <payment type="GOLD" amount="999"/> 
            <purchase type="OFFER" amount="632" bank="1"/> 
        </product>

        <product id="com.101xp.avataria.offer3d_2_rus" title="bundle631_label" image="icon_bundle_631.png" template="bankModernProductSuiteFurniture" priceUSD_IOS="2.99" platforms="IOS" builds="RU" priceOld="3.40">
            <payment type="REAL_MONEY"/> 
            <purchase type="OFFER" amount="631" bank="1"/> 
        </product>

        <product id="com.101xp.avataria.offer3d_2_rus_andr" title="bundle631_label" image="icon_bundle_631.png" template="bankModernProductSuiteFurniture" priceUSD_ANDROID="2.99" platforms="ANDROID" builds="RU" priceOld="3.40">
            <payment type="REAL_MONEY"/> 
            <purchase type="OFFER" amount="631" bank="1"/> 
        </product>

        <product id="com.101xp.avataria.offer4d_1_rus" title="offer625title" image="icon_bundle_625.png" template="bankModernProductSuiteFurniture" priceUSD_IOS="3.99" platforms="IOS" builds="RU" priceOld="2.5">
            <payment type="REAL_MONEY"/> 
            <purchase type="OFFER" amount="625" bank="1"/> 
        </product>

        <product id="com.101xp.avataria.offer4d_1_rus_andr" title="offer625title" image="icon_bundle_625.png" template="bankModernProductSuiteFurniture" priceUSD_ANDROID="3.99" platforms="ANDROID" builds="RU" priceOld="2.5">
            <payment type="REAL_MONEY"/> 
            <purchase type="OFFER" amount="625" bank="1"/> 
        </product>

                   
        <!-- RU gold packs (iOS) -->
         <!-- GUIDE: 
         description - amount of gold
         amountOld - old amount of gold
         priceOld- old price (product id)
         endTimestamp - end of an event
         bonusText - text on a ribbon -->

        <product id="com.101xp.avataria.pack01_rus" title="Gold1_ru" image="ico_gold_0.png" priceUSD_IOS="0.99" season_bonus_icon="ico_gold_0_bonus.png" platforms="IOS" builds="RU"
            description="160" amountOld="80" priceOld="" endTimestamp="" bonusText="x2">
            <payment type="REAL_MONEY"/>
            <purchase type="GOLD" amount="80" bonus="0"/>
        </product>
        <product id="com.101xp.avataria.pack02_rus" title="Gold2_ru" image="ico_gold_1.png" priceUSD_IOS="1.99" season_bonus_icon="ico_gold_1_bonus.png" platforms="IOS" builds="RU"
            description="350" amountOld="175" priceOld="" endTimestamp="" bonusText="x2">
            <payment type="REAL_MONEY"/>
            <purchase type="GOLD" amount="175" bonus="0"/>
        </product>
        <product id="com.101xp.avataria.pack03_rus" title="Gold3_ru" image="ico_gold_2.png" priceUSD_IOS="2.99" season_bonus_icon="ico_gold_2_bonus.png" platforms="IOS" builds="RU"
            description="800" amountOld="400" priceOld="" endTimestamp="" bonusText="x2">
            <payment type="REAL_MONEY"/>
            <purchase type="GOLD" amount="400" bonus="0"/>
        </product>
        <product id="com.101xp.avataria.pack04_rus" title="Gold4_ru" image="ico_gold_3.png" priceUSD_IOS="8.99" season_bonus_icon="ico_gold_3_bonus.png" platforms="IOS" builds="RU" 
            description="2700" amountOld="1350" priceOld="" endTimestamp="" bonusText="x2">
            <payment type="REAL_MONEY"/>
            <purchase type="GOLD" amount="1350" bonus="0"/>
        </product>
        <product id="com.101xp.avataria.pack05_rus" title="Gold5_ru" image="ico_gold_4.png" priceUSD_IOS="19.99" season_bonus_icon="ico_gold_4_bonus.png" platforms="IOS" builds="RU"
            description="5600" amountOld="2800" priceOld="" endTimestamp="" bonusText="x2">
            <payment type="REAL_MONEY"/>
            <purchase type="GOLD" amount="2800" bonus="0"/>
        </product>
        <product id="com.101xp.avataria.pack06_rus" title="Gold6_ru" image="ico_gold_5.png" priceUSD_IOS="49.99" season_bonus_icon="ico_gold_5_bonus.png" platforms="IOS" builds="RU"
            description="14200" amountOld="7100" priceOld="" endTimestamp="" bonusText="x2">
            <payment type="REAL_MONEY"/>
            <purchase type="GOLD" amount="7100" bonus="0"/>
        </product>

        <!-- (iOS) ДЛЯ х3 -->

        <!--
        <product id="com.101xp.avataria.pack01_rus" title="Gold1_ru" image="ico_gold_0.png" priceUSD_IOS="0.99" season_bonus_icon="ico_gold_0_bonus.png" platforms="IOS" builds="RU"
            description="240" amountOld="80" priceOld="" endTimestamp="" bonusText="x3">
            <payment type="REAL_MONEY"/>
            <purchase type="GOLD" amount="80" bonus="0"/>
        </product>
        <product id="com.101xp.avataria.pack02_rus" title="Gold2_ru" image="ico_gold_1.png" priceUSD_IOS="1.99" season_bonus_icon="ico_gold_1_bonus.png" platforms="IOS" builds="RU"
            description="525" amountOld="175" priceOld="" endTimestamp="" bonusText="x3">
            <payment type="REAL_MONEY"/>
            <purchase type="GOLD" amount="175" bonus="0"/>
        </product>
        <product id="com.101xp.avataria.pack03_rus" title="Gold3_ru" image="ico_gold_2.png" priceUSD_IOS="2.99" season_bonus_icon="ico_gold_2_bonus.png" platforms="IOS" builds="RU"
            description="1200" amountOld="400" priceOld="" endTimestamp="" bonusText="x3">
            <payment type="REAL_MONEY"/>
            <purchase type="GOLD" amount="400" bonus="0"/>
        </product>
        <product id="com.101xp.avataria.pack04_rus" title="Gold4_ru" image="ico_gold_3.png" priceUSD_IOS="8.99" season_bonus_icon="ico_gold_3_bonus.png" platforms="IOS" builds="RU" 
            description="4050" amountOld="1350" priceOld="" endTimestamp="" bonusText="x3">
            <payment type="REAL_MONEY"/>
            <purchase type="GOLD" amount="1350" bonus="0"/>
        </product>
        <product id="com.101xp.avataria.pack05_rus" title="Gold5_ru" image="ico_gold_4.png" priceUSD_IOS="19.99" season_bonus_icon="ico_gold_4_bonus.png" platforms="IOS" builds="RU"
            description="8400" amountOld="2800" priceOld="" endTimestamp="" bonusText="x3">
            <payment type="REAL_MONEY"/>
            <purchase type="GOLD" amount="2800" bonus="0"/>
        </product>
        <product id="com.101xp.avataria.pack06_rus" title="Gold6_ru" image="ico_gold_5.png" priceUSD_IOS="49.99" season_bonus_icon="ico_gold_5_bonus.png" platforms="IOS" builds="RU"
            description="21300" amountOld="7100" priceOld="" endTimestamp="" bonusText="x3">
            <payment type="REAL_MONEY"/>
            <purchase type="GOLD" amount="7100" bonus="0"/>
        </product>
        -->


        <!-- RU gold packs (ANDROID) -->

        <product id="com.101xp.avataria.pack01_rus_andr" title="Gold1_ru" image="ico_gold_0.png" priceUSD_ANDROID="0.99" season_bonus_icon="ico_gold_0_bonus.png" platforms="ANDROID" builds="RU"
            description="160" amountOld="80" priceOld="" endTimestamp="" bonusText="x2">
            <payment type="REAL_MONEY"/>
            <purchase type="GOLD" amount="80" bonus="0"/>
        </product>
        <product id="com.101xp.avataria.pack02_rus_andr" title="Gold2_ru" image="ico_gold_1.png" priceUSD_ANDROID="1.99" season_bonus_icon="ico_gold_1_bonus.png" platforms="ANDROID" builds="RU"
            description="350" amountOld="175" priceOld="" endTimestamp="" bonusText="x2">
            <payment type="REAL_MONEY"/>
            <purchase type="GOLD" amount="175" bonus="0"/>
        </product>
        <product id="com.101xp.avataria.pack03_rus_andr" title="Gold3_ru" image="ico_gold_2.png" priceUSD_ANDROID="2.99" season_bonus_icon="ico_gold_2_bonus.png" platforms="ANDROID" builds="RU"
            description="800" amountOld="400" priceOld="" endTimestamp="" bonusText="x2">
            <payment type="REAL_MONEY"/>
            <purchase type="GOLD" amount="400" bonus="0"/>
        </product>
        <product id="com.101xp.avataria.pack04_rus_andr" title="Gold4_ru" image="ico_gold_3.png" priceUSD_ANDROID="9.99" season_bonus_icon="ico_gold_3_bonus.png" platforms="ANDROID" builds="RU"
            description="2700" amountOld="1350" priceOld="" endTimestamp="" bonusText="x2">
            <payment type="REAL_MONEY"/>
            <purchase type="GOLD" amount="1350" bonus="0"/>
        </product>
        <product id="com.101xp.avataria.pack05_rus_andr" title="Gold5_ru" image="ico_gold_4.png" priceUSD_ANDROID="19.99" season_bonus_icon="ico_gold_4_bonus.png" platforms="ANDROID" builds="RU"
            description="5600" amountOld="2800" priceOld="" endTimestamp="" bonusText="x2">
            <payment type="REAL_MONEY"/>
            <purchase type="GOLD" amount="2800" bonus="0"/>
        </product>
        <product id="com.101xp.avataria.pack06_rus_andr" title="Gold6_ru" image="ico_gold_5.png" priceUSD_ANDROID="49.99" season_bonus_icon="ico_gold_5_bonus.png" platforms="ANDROID" builds="RU"
            description="14200" amountOld="7100" priceOld="" endTimestamp="" bonusText="x2">
            <payment type="REAL_MONEY"/>
            <purchase type="GOLD" amount="7100" bonus="0"/>
        </product>

        <!-- (ANDROID) ДЛЯ х3 -->

        <!--
        <product id="com.101xp.avataria.pack01_rus_andr" title="Gold1_ru" image="ico_gold_0.png" priceUSD_ANDROID="0.99" season_bonus_icon="ico_gold_0_bonus.png" platforms="ANDROID" builds="RU"
            description="240" amountOld="80" priceOld="" endTimestamp="" bonusText="x3">
            <payment type="REAL_MONEY"/>
            <purchase type="GOLD" amount="80" bonus="0"/>
        </product>
        <product id="com.101xp.avataria.pack02_rus_andr" title="Gold2_ru" image="ico_gold_1.png" priceUSD_ANDROID="1.99" season_bonus_icon="ico_gold_1_bonus.png" platforms="ANDROID" builds="RU"
            description="525" amountOld="175" priceOld="" endTimestamp="" bonusText="x3">
            <payment type="REAL_MONEY"/>
            <purchase type="GOLD" amount="175" bonus="0"/>
        </product>
        <product id="com.101xp.avataria.pack03_rus_andr" title="Gold3_ru" image="ico_gold_2.png" priceUSD_ANDROID="2.99" season_bonus_icon="ico_gold_2_bonus.png" platforms="ANDROID" builds="RU"
            description="1200" amountOld="400" priceOld="" endTimestamp="" bonusText="x3">
            <payment type="REAL_MONEY"/>
            <purchase type="GOLD" amount="400" bonus="0"/>
        </product>
        <product id="com.101xp.avataria.pack04_rus_andr" title="Gold4_ru" image="ico_gold_3.png" priceUSD_ANDROID="9.99" season_bonus_icon="ico_gold_3_bonus.png" platforms="ANDROID" builds="RU"
            description="4050" amountOld="1350" priceOld="" endTimestamp="" bonusText="x3">
            <payment type="REAL_MONEY"/>
            <purchase type="GOLD" amount="1350" bonus="0"/>
        </product>
        <product id="com.101xp.avataria.pack05_rus_andr" title="Gold5_ru" image="ico_gold_4.png" priceUSD_ANDROID="19.99" season_bonus_icon="ico_gold_4_bonus.png" platforms="ANDROID" builds="RU"
            description="8400" amountOld="2800" priceOld="" endTimestamp="" bonusText="x3">
            <payment type="REAL_MONEY"/>
            <purchase type="GOLD" amount="2800" bonus="0"/>
        </product>
        <product id="com.101xp.avataria.pack06_rus_andr" title="Gold6_ru" image="ico_gold_5.png" priceUSD_ANDROID="49.99" season_bonus_icon="ico_gold_5_bonus.png" platforms="ANDROID" builds="RU"
            description="21300" amountOld="7100" priceOld="" endTimestamp="" bonusText="x3">
            <payment type="REAL_MONEY"/>
            <purchase type="GOLD" amount="7100" bonus="0"/>
        </product>
        -->
        
        <!-- silver packs (iOS & Android) -->
        <product id="silver_01" title="Silver1_ru" image="ico_silver_0.png" platforms="IOS|ANDROID" builds="ANY"
            description="100" amountOld="" endTimestamp="" bonusText="">
            <payment type="GOLD" amount="1"/>
            <purchase type="SILVER"/>
        </product>
        <product id="silver_02" title="Silver2_ru" image="ico_silver_1.png" platforms="IOS|ANDROID" builds="ANY"
            description="500" amountOld="" endTimestamp="" bonusText="">
            <payment type="GOLD" amount="5"/>
            <purchase type="SILVER"/>
        </product>
        <product id="silver_03" title="Silver3_ru" image="ico_silver_2.png" platforms="IOS|ANDROID" builds="ANY"
            description="5000" amountOld="" endTimestamp="" bonusText="">
            <payment type="GOLD" amount="50"/>
            <purchase type="SILVER"/>
        </product>
        <product id="silver_04" title="Silver4_ru" image="ico_silver_3.png" platforms="IOS|ANDROID" builds="ANY"
            description="15000" amountOld="" endTimestamp="" bonusText="">
            <payment type="GOLD" amount="150"/>
            <purchase type="SILVER"/>
        </product>
        <product id="silver_05" title="Silver5_ru" image="ico_silver_4.png" platforms="IOS|ANDROID" builds="ANY"
            description="37500" amountOld="" endTimestamp="" bonusText="">
            <payment type="GOLD" amount="375"/>
            <purchase type="SILVER"/>
        </product>
        <product id="silver_06" title="Silver6_ru" image="ico_silver_5.png" platforms="IOS|ANDROID" builds="ANY"
            description="100000" amountOld="" endTimestamp="" bonusText="">
            <payment type="GOLD" amount="1000"/>
            <purchase type="SILVER"/>
        </product>
        
        <!--energy packs (iOS & Android)-->
        <product id="energy" title="Energy_ru" image="ico_energy_1.png" platforms="IOS|ANDROID" builds="ANY"
            description="100" amountOld="" endTimestamp="" bonusText="">
            <payment type="GOLD" amount="3"/>
            <purchase type="ENERGY" amount="100"/>
        </product>
        <product id="energy2" title="Energy_ru" image="ico_energy_2.png" platforms="IOS|ANDROID" builds="ANY"
            description="480" amountOld="" endTimestamp="" bonusText="">
            <payment type="GOLD" amount="14"/>
            <purchase type="ENERGY" amount="480"/>
        </product>
        <product id="energy3" title="Energy_ru" image="ico_energy_3.png" platforms="IOS|ANDROID" builds="ANY"
            description="1555" amountOld="" endTimestamp="" bonusText="">
            <payment type="GOLD" amount="45"/>
            <purchase type="ENERGY" amount="1555"/>
        </product>
        <product id="energy4" title="Energy_ru" image="ico_energy_5.png" platforms="IOS|ANDROID" builds="ANY"
            description="4800" amountOld="" endTimestamp="" bonusText="">
            <payment type="GOLD" amount="135"/>
            <purchase type="ENERGY" amount="4800"/>
        </product>
        
        <!-- RU VIP in-app (non-renewing subscription packs for iOS) -->
       <!-- <product id="com.101xp.avataria.vip01_rus" title="Vip1_ru" image="vip1.png" priceUSD_IOS="1.99" platforms="IOS" builds="RU"
            description="Vip7daysPrice" amountOld="" endTimestamp="" bonusText="">
            <payment type="REAL_MONEY"/>
            <purchase type="VIP" amount="7"/>
        </product>
        <product id="com.101xp.avataria.vip02_rus" title="Vip2_ru" image="vip2.png" priceUSD_IOS="2.99" platforms="IOS" builds="RU"
            description="vip14Days" amountOld="" endTimestamp="" bonusText="">
            <payment type="REAL_MONEY"/>
            <purchase type="VIP" amount="14"/>
        </product>
        <product id="com.101xp.avataria.vip03_rus" title="Vip3_ru" image="vip3.png" priceUSD_IOS="3.99" platforms="IOS" builds="RU"
            description="Vip21daysPrice" amountOld="" endTimestamp="" bonusText="">
            <payment type="REAL_MONEY"/>
            <purchase type="VIP" amount="21"/> 
        </product> -->

      <!--  <product id="com.101xp.avataria.vip01_rus_andr" title="Vip1_ru" image="vip1.png" priceUSD_ANDROID="1.99" platforms="ANDROID" builds="RU"
            description="Vip7daysPrice" amountOld="" endTimestamp="" bonusText="">
            <payment type="REAL_MONEY"/>
            <purchase type="VIP" amount="7"/>
        </product>
        <product id="com.101xp.avataria.vip02_rus_andr" title="Vip2_ru" image="vip2.png" priceUSD_ANDROID="2.99" platforms="ANDROID" builds="RU"
            description="vip14Days" amountOld="" endTimestamp="" bonusText="">
            <payment type="REAL_MONEY"/>
            <purchase type="VIP" amount="14"/>
        </product>
        <product id="com.101xp.avataria.vip03_rus_andr" title="Vip3_ru" image="vip3.png" priceUSD_ANDROID="3.99" platforms="ANDROID" builds="RU"
            description="Vip21daysPrice" amountOld="" endTimestamp="" bonusText="">
            <payment type="REAL_MONEY"/>
            <purchase type="VIP" amount="21"/>
        </product>
-->

        <!-- ADS -->
        <!-- title, description, payment and purchase not used -->
        <product id="1" title="Vip1" image="ico_gold_0.png" description="-" platforms="IOS|ANDROID" builds="ANY" template="bankModernAdProduct">
            <payment type="FREE"/>
            <purchase type="FREE" amount="0"/>
            <purchase type="ADS" amount="0"/>
        </product>
        <product id="2" title="Vip2" image="ico_silver_1.png" description="-" platforms="IOS|ANDROID" builds="ANY" template="bankModernAdProduct"> <!-- bonusText="Best Deal!" endTimestamp="1668413875" -->
            <payment type="FREE"/> 
            <purchase type="FREE" amount="0"/>
            <purchase type="ADS" amount="0"/>
        </product>
        <product id="3" title="Vip3" image="ico_energy_2.png" description="-" platforms="IOS|ANDROID" builds="ANY" template="bankModernAdProduct">
            <payment type="FREE"/> 
            <purchase type="FREE" amount="0"/>
            <purchase type="ADS" amount="0"/>
        </product>
        <!--<product id="4" title="Vip4" image="icon_avacoin_3.png" description="-" platforms="IOS|ANDROID" builds="ANY" template="bankModernAdProduct">
            <payment type="FREE"/> 
            <purchase type="FREE" amount="0"/>
            <purchase type="ADS" amount="0"/>
        </product>-->
        <!-- FREE -->
        <product id="promo_code" title="" image="ico_gold_0.png" platforms="IOS|ANDROID" builds="ANY" template="bankModernPromoCode">
            <payment type="FREE"/>
            <purchase type="FREE" amount="0"/>
            <purchase type="PROMO_CODE" amount="0"/>
        </product>
        
        <!-- OFFERS -->

        <!-- Android -->
        <product id="com.101xp.avataria.starter_pack_rus_andr" title="starterPackTitle" priceUSD_ANDROID="1.99" platforms="ANDROID" builds="RU" priceOld="2.23">
            <payment type="REAL_MONEY"/> 
            <purchase type="OFFER" amount="2" bonus="0"/> 
        </product>
            
        <product id="com.101xp.avataria.offer1_rus_andr" title="offer1Title" priceUSD_ANDROID="2.99" platforms="ANDROID" builds="RU" priceOld="2.5">
            <payment type="REAL_MONEY"/> <!-- priceOld="N", where N = price ratio,N=100/(100-55), where 55 - % of sale -->
            <purchase type="OFFER" amount="3" bonus="0"/> <!-- amount= offer id, same for server -->
        </product>

        <product id="com.101xp.avataria.offer17_rus_andr" title="offer17Title" priceUSD_ANDROID="49.99" platforms="ANDROID" builds="RU" priceOld="2.5">
            <payment type="REAL_MONEY"/> 
            <purchase type="OFFER" amount="17" bonus="0"/> 
        </product>

        <product id="com.101xp.avataria.offer20_rus_andr" title="offer20Title" priceUSD_ANDROID="7.99" platforms="ANDROID" builds="RU" priceOld="5">
            <payment type="REAL_MONEY"/> 
            <purchase type="OFFER" amount="20" bonus="0"/> 
        </product>

        <product id="com.101xp.avataria.offer5_rus_andr" title="offer5Title" priceUSD_ANDROID="0.99" platforms="Android" builds="RU" priceOld="3.5">
            <payment type="REAL_MONEY"/>
            <purchase type="OFFER" amount="4013" bonus="0"/>
        </product>
        <product id="com.101xp.avataria.offer4_rus_andr" title="offer4Title" priceUSD_ANDROID="1.99" platforms="ANDROID" builds="RU" priceOld="6">
            <payment type="REAL_MONEY"/> 
            <purchase type="OFFER" amount="5019" bonus="0"/> 
        </product>
        <product id="com.101xp.avataria.offer12_rus_andr" title="offer12Title" priceUSD_ANDROID="2.99" platforms="ANDROID" builds="RU" priceOld="4.33">
            <payment type="REAL_MONEY"/> 
            <purchase type="OFFER" amount="6017" bonus="0"/> 
        </product>

        <!-- Starter Pack Android -->

        <product id="com.101xp.avataria.offer101_rus_andr" title="offer101Title" priceUSD_ANDROID="2.99" platforms="Android" builds="RU" priceOld="3">
            <payment type="REAL_MONEY"/>
            <purchase type="OFFER" amount="101" bonus="0"/>
        </product>
        <product id="com.101xp.avataria.offer102_rus_andr" title="offer102Title" priceUSD_ANDROID="1.99" platforms="Android" builds="RU" priceOld="5">
            <payment type="REAL_MONEY"/>
            <purchase type="OFFER" amount="102" bonus="0"/>
        </product>
        <product id="com.101xp.avataria.offer103_rus_andr" title="offer103Title" priceUSD_ANDROID="1.99" platforms="Android" builds="RU" priceOld="15">
            <payment type="REAL_MONEY"/>
            <purchase type="OFFER" amount="103" bonus="0"/>
        </product>
        <product id="com.101xp.avataria.offer104_rus_andr" title="offer104Title" priceUSD_ANDROID="0.99" platforms="Android" builds="RU" priceOld="24">
            <payment type="REAL_MONEY"/>
            <purchase type="OFFER" amount="104" bonus="0"/>
        </product>
        <product id="com.101xp.avataria.offer105_rus_andr" title="offer105Title" priceUSD_ANDROID="0.99" platforms="Android" builds="RU" priceOld="33">
            <payment type="REAL_MONEY"/>
            <purchase type="OFFER" amount="105" bonus="0"/>
        </product>


        <product id="com.101xp.avataria.offer106_rus_andr" title="offer106Title" priceUSD_ANDROID="3.99" platforms="Android" builds="RU" priceOld="2.86">
            <payment type="REAL_MONEY"/>
            <purchase type="OFFER" amount="106" bonus="0"/>
        </product>
        <product id="com.101xp.avataria.offer107_rus_andr" title="offer107Title" priceUSD_ANDROID="2.99" platforms="Android" builds="RU" priceOld="4.44">
            <payment type="REAL_MONEY"/>
            <purchase type="OFFER" amount="107" bonus="0"/>
        </product>
        <product id="com.101xp.avataria.offer108_rus_andr" title="offer108Title" priceUSD_ANDROID="2.99" platforms="Android" builds="RU" priceOld="5.5">
            <payment type="REAL_MONEY"/>
            <purchase type="OFFER" amount="108" bonus="0"/>
        </product>
        <product id="com.101xp.avataria.offer109_rus_andr" title="offer109Title" priceUSD_ANDROID="1.99" platforms="Android" builds="RU" priceOld="14">
            <payment type="REAL_MONEY"/>
            <purchase type="OFFER" amount="109" bonus="0"/>
        </product>


        <product id="com.101xp.avataria.offer110_rus_andr" title="offer110Title" priceUSD_ANDROID="7.99" platforms="Android" builds="RU" priceOld="2.2">
            <payment type="REAL_MONEY"/>
            <purchase type="OFFER" amount="110" bonus="0"/>
        </product>
        <product id="com.101xp.avataria.offer111_rus_andr" title="offer111Title" priceUSD_ANDROID="4.99" platforms="Android" builds="RU" priceOld="3.75">
            <payment type="REAL_MONEY"/>
            <purchase type="OFFER" amount="111" bonus="0"/>
        </product>
        <product id="com.101xp.avataria.offer112_rus_andr" title="offer112Title" priceUSD_ANDROID="3.99" platforms="Android" builds="RU" priceOld="5">
            <payment type="REAL_MONEY"/>
            <purchase type="OFFER" amount="112" bonus="0"/>
        </product>
        <product id="com.101xp.avataria.offer113_rus_andr" title="offer113Title" priceUSD_ANDROID="2.99" platforms="Android" builds="RU" priceOld="10">
            <payment type="REAL_MONEY"/>
            <purchase type="OFFER" amount="113" bonus="0"/>
        </product>


        <product id="com.101xp.avataria.offer114_rus_andr" title="offer114Title" priceUSD_ANDROID="13.99" platforms="Android" builds="RU" priceOld="2">
            <payment type="REAL_MONEY"/>
            <purchase type="OFFER" amount="114" bonus="0"/>
        </product>
        <product id="com.101xp.avataria.offer115_rus_andr" title="offer115Title" priceUSD_ANDROID="7.99" platforms="Android" builds="RU" priceOld="3.23">
            <payment type="REAL_MONEY"/>
            <purchase type="OFFER" amount="115" bonus="0"/>
        </product>
        <product id="com.101xp.avataria.offer116_rus_andr" title="offer116Title" priceUSD_ANDROID="6.99" platforms="Android" builds="RU" priceOld="4">
            <payment type="REAL_MONEY"/>
            <purchase type="OFFER" amount="116" bonus="0"/>
        </product>
        <product id="com.101xp.avataria.offer117_rus_andr" title="offer117Title" priceUSD_ANDROID="3.99" platforms="Android" builds="RU" priceOld="8">
            <payment type="REAL_MONEY"/>
            <purchase type="OFFER" amount="117" bonus="0"/>
        </product>


        <product id="com.101xp.avataria.offer118_rus_andr" title="offer118Title" priceUSD_ANDROID="19.99" platforms="Android" builds="RU" priceOld="1.81">
            <payment type="REAL_MONEY"/>
            <purchase type="OFFER" amount="118" bonus="0"/>
        </product>
        <product id="com.101xp.avataria.offer119_rus_andr" title="offer119Title" priceUSD_ANDROID="14.99" platforms="Android" builds="RU" priceOld="2">
            <payment type="REAL_MONEY"/>
            <purchase type="OFFER" amount="119" bonus="0"/>
        </product>
        <product id="com.101xp.avataria.offer120_rus_andr" title="offer120Title" priceUSD_ANDROID="9.99" platforms="Android" builds="RU" priceOld="3.23">
            <payment type="REAL_MONEY"/>
            <purchase type="OFFER" amount="120" bonus="0"/>
        </product>
        <product id="com.101xp.avataria.offer121_rus_andr" title="offer121Title" priceUSD_ANDROID="4.99" platforms="Android" builds="RU" priceOld="7.2">
            <payment type="REAL_MONEY"/>
            <purchase type="OFFER" amount="121" bonus="0"/>
        </product>


        <product id="com.101xp.avataria.offer122_rus_andr" title="offer122Title" priceUSD_ANDROID="19.99" platforms="Android" builds="RU" priceOld="1.81">
            <payment type="REAL_MONEY"/>
            <purchase type="OFFER" amount="122" bonus="0"/>
        </product>
        <product id="com.101xp.avataria.offer123_rus_andr" title="offer123Title" priceUSD_ANDROID="14.99" platforms="Android" builds="RU" priceOld="2">
            <payment type="REAL_MONEY"/>
            <purchase type="OFFER" amount="123" bonus="0"/>
        </product>
        <product id="com.101xp.avataria.offer124_rus_andr" title="offer124Title" priceUSD_ANDROID="9.99" platforms="Android" builds="RU" priceOld="3.23">
            <payment type="REAL_MONEY"/>
            <purchase type="OFFER" amount="124" bonus="0"/>
        </product>
        <product id="com.101xp.avataria.offer125_rus_andr" title="offer125Title" priceUSD_ANDROID="4.99" platforms="Android" builds="RU" priceOld="7.2">
            <payment type="REAL_MONEY"/>
            <purchase type="OFFER" amount="125" bonus="0"/>
        </product>


        <!-- iOS -->
        <product id="com.101xp.avataria.offer2_rus" title="starterPackTitle" priceUSD_IOS="1.99" platforms="IOS" builds="RU" priceOld="2.23">
            <payment type="REAL_MONEY"/>
            <purchase type="OFFER" amount="2" bonus="0"/>
        </product>

        <product id="com.101xp.avataria.offer3_rus" title="offer1Title" priceUSD_IOS="2.99" platforms="IOS" builds="RU" priceOld="2.5">
            <payment type="REAL_MONEY"/>
            <purchase type="OFFER" amount="3" bonus="0"/>
        </product>

        <product id="com.101xp.avataria.offer17_rus" title="offer17Title" priceUSD_IOS="49.99" platforms="IOS" builds="RU" priceOld="2.5">
            <payment type="REAL_MONEY"/>
            <purchase type="OFFER" amount="17" bonus="0"/>
        </product>

        <product id="com.101xp.avataria.offer20_rus" title="offer20Title" priceUSD_IOS="7.99" platforms="IOS" builds="RU" priceOld="5">
            <payment type="REAL_MONEY"/>
            <purchase type="OFFER" amount="20" bonus="0"/>
        </product>

        <product id="com.101xp.avataria.offer5_rus" title="offer5Title" priceUSD_IOS="0.99" platforms="IOS" builds="RU" priceOld="3.5">
            <payment type="REAL_MONEY"/>
            <purchase type="OFFER" amount="4013" bonus="0"/>
        </product>
        <product id="com.101xp.avataria.offer4_rus" title="offer4Title" priceUSD_IOS="1.99" platforms="IOS" builds="RU" priceOld="6">
            <payment type="REAL_MONEY"/>
            <purchase type="OFFER" amount="5019" bonus="0"/>
        </product>
        <product id="com.101xp.avataria.offer12_rus" title="offer12Title" priceUSD_IOS="2.99" platforms="IOS" builds="RU" priceOld="4.33">
            <payment type="REAL_MONEY"/>
            <purchase type="OFFER" amount="6017" bonus="0"/>
        </product>

        <!-- Starter Pack iOS -->

        <product id="com.101xp.avataria.offer101_rus" title="offer101Title" priceUSD_IOS="2.99" platforms="IOS" builds="RU" priceOld="3">
            <payment type="REAL_MONEY"/>
            <purchase type="OFFER" amount="101" bonus="0"/>
        </product>
        <product id="com.101xp.avataria.offer102_rus" title="offer102Title" priceUSD_IOS="1.99" platforms="IOS" builds="RU" priceOld="5">
            <payment type="REAL_MONEY"/>
            <purchase type="OFFER" amount="102" bonus="0"/>
        </product>
        <product id="com.101xp.avataria.offer103_rus" title="offer103Title" priceUSD_IOS="1.99" platforms="IOS" builds="RU" priceOld="15">
            <payment type="REAL_MONEY"/>
            <purchase type="OFFER" amount="103" bonus="0"/>
        </product>
        <product id="com.101xp.avataria.offer104_rus" title="offer104Title" priceUSD_IOS="0.99" platforms="IOS" builds="RU" priceOld="24">
            <payment type="REAL_MONEY"/>
            <purchase type="OFFER" amount="104" bonus="0"/>
        </product>
        <product id="com.101xp.avataria.offer105_rus" title="offer105Title" priceUSD_IOS="0.99" platforms="IOS" builds="RU" priceOld="33">
            <payment type="REAL_MONEY"/>
            <purchase type="OFFER" amount="105" bonus="0"/>
        </product>


        <product id="com.101xp.avataria.offer106_rus" title="offer106Title" priceUSD_IOS="3.99" platforms="IOS" builds="RU" priceOld="2.86">
            <payment type="REAL_MONEY"/>
            <purchase type="OFFER" amount="106" bonus="0"/>
        </product>
        <product id="com.101xp.avataria.offer107_rus" title="offer107Title" priceUSD_IOS="2.99" platforms="IOS" builds="RU" priceOld="4.44">
            <payment type="REAL_MONEY"/>
            <purchase type="OFFER" amount="107" bonus="0"/>
        </product>
        <product id="com.101xp.avataria.offer108_rus" title="offer108Title" priceUSD_IOS="2.99" platforms="IOS" builds="RU" priceOld="5.5">
            <payment type="REAL_MONEY"/>
            <purchase type="OFFER" amount="108" bonus="0"/>
        </product>
        <product id="com.101xp.avataria.offer109_rus" title="offer109Title" priceUSD_IOS="1.99" platforms="IOS" builds="RU" priceOld="14">
            <payment type="REAL_MONEY"/>
            <purchase type="OFFER" amount="109" bonus="0"/>
        </product>


        <product id="com.101xp.avataria.offer110_rus" title="offer110Title" priceUSD_IOS="7.99" platforms="IOS" builds="RU" priceOld="2.2">
            <payment type="REAL_MONEY"/>
            <purchase type="OFFER" amount="110" bonus="0"/>
        </product>
        <product id="com.101xp.avataria.offer111_rus" title="offer111Title" priceUSD_IOS="4.99" platforms="IOS" builds="RU" priceOld="3.75">
            <payment type="REAL_MONEY"/>
            <purchase type="OFFER" amount="111" bonus="0"/>
        </product>
        <product id="com.101xp.avataria.offer112_rus" title="offer112Title" priceUSD_IOS="3.99" platforms="IOS" builds="RU" priceOld="5">
            <payment type="REAL_MONEY"/>
            <purchase type="OFFER" amount="112" bonus="0"/>
        </product>
        <product id="com.101xp.avataria.offer113_rus" title="offer113Title" priceUSD_IOS="2.99" platforms="IOS" builds="RU" priceOld="10">
            <payment type="REAL_MONEY"/>
            <purchase type="OFFER" amount="113" bonus="0"/>
        </product>


        <product id="com.101xp.avataria.offer114_rus" title="offer114Title" priceUSD_IOS="13.99" platforms="IOS" builds="RU" priceOld="2">
            <payment type="REAL_MONEY"/>
            <purchase type="OFFER" amount="114" bonus="0"/>
        </product>
        <product id="com.101xp.avataria.offer115_rus" title="offer115Title" priceUSD_IOS="7.99" platforms="IOS" builds="RU" priceOld="3.23">
            <payment type="REAL_MONEY"/>
            <purchase type="OFFER" amount="115" bonus="0"/>
        </product>
        <product id="com.101xp.avataria.offer116_rus" title="offer116Title" priceUSD_IOS="6.99" platforms="IOS" builds="RU" priceOld="4">
            <payment type="REAL_MONEY"/>
            <purchase type="OFFER" amount="116" bonus="0"/>
        </product>
        <product id="com.101xp.avataria.offer117_rus" title="offer117Title" priceUSD_IOS="3.99" platforms="IOS" builds="RU" priceOld="8">
            <payment type="REAL_MONEY"/>
            <purchase type="OFFER" amount="117" bonus="0"/>
        </product>


        <product id="com.101xp.avataria.offer118_rus" title="offer118Title" priceUSD_IOS="19.99" platforms="IOS" builds="RU" priceOld="1.81">
            <payment type="REAL_MONEY"/>
            <purchase type="OFFER" amount="118" bonus="0"/>
        </product>
        <product id="com.101xp.avataria.offer119_rus" title="offer119Title" priceUSD_IOS="14.99" platforms="IOS" builds="RU" priceOld="2">
            <payment type="REAL_MONEY"/>
            <purchase type="OFFER" amount="119" bonus="0"/>
        </product>
        <product id="com.101xp.avataria.offer120_rus" title="offer120Title" priceUSD_IOS="9.99" platforms="IOS" builds="RU" priceOld="3.23">
            <payment type="REAL_MONEY"/>
            <purchase type="OFFER" amount="120" bonus="0"/>
        </product>
        <product id="com.101xp.avataria.offer121_rus" title="offer121Title" priceUSD_IOS="4.99" platforms="IOS" builds="RU" priceOld="7.2">
            <payment type="REAL_MONEY"/>
            <purchase type="OFFER" amount="121" bonus="0"/>
        </product>


        <product id="com.101xp.avataria.offer122_rus" title="offer122Title" priceUSD_IOS="19.99" platforms="IOS" builds="RU" priceOld="1.81">
            <payment type="REAL_MONEY"/>
            <purchase type="OFFER" amount="122" bonus="0"/>
        </product>
        <product id="com.101xp.avataria.offer123_rus" title="offer123Title" priceUSD_IOS="14.99" platforms="IOS" builds="RU" priceOld="2">
            <payment type="REAL_MONEY"/>
            <purchase type="OFFER" amount="123" bonus="0"/>
        </product>
        <product id="com.101xp.avataria.offer124_rus" title="offer124Title" priceUSD_IOS="9.99" platforms="IOS" builds="RU" priceOld="3.23">
            <payment type="REAL_MONEY"/>
            <purchase type="OFFER" amount="124" bonus="0"/>
        </product>
        <product id="com.101xp.avataria.offer125_rus" title="offer125Title" priceUSD_IOS="4.99" platforms="IOS" builds="RU" priceOld="7.2">
            <payment type="REAL_MONEY"/>
            <purchase type="OFFER" amount="125" bonus="0"/>
        </product>

        <!-- LVL UP offers Android -->
       <product id="com.101xp.avataria.lvl28offer1_rus_andr" title="offerFashionTitle" priceUSD_ANDROID="2.99" platforms="ANDROID" builds="RU" priceOld="4.33">
            <payment type="REAL_MONEY"/>
            <purchase type="OFFER" amount="2801" bonus="0"/>
        </product>
        <product id="com.101xp.avataria.lvl28offer2_rus_andr" title="offerUsefulTitle" priceUSD_ANDROID="4.99" platforms="ANDROID" builds="RU" priceOld="7.2">
            <payment type="REAL_MONEY"/>
            <purchase type="OFFER" amount="2802" bonus="0"/>
        </product>
        <product id="com.101xp.avataria.lvl29offer1_rus_andr" title="offerFashionTitle" priceUSD_ANDROID="2.99" platforms="ANDROID" builds="RU" priceOld="4.33">
            <payment type="REAL_MONEY"/>
            <purchase type="OFFER" amount="2901" bonus="0"/>
        </product>
        <product id="com.101xp.avataria.lvl29offer2_rus_andr" title="offerUsefulTitle" priceUSD_ANDROID="4.99" platforms="ANDROID" builds="RU" priceOld="7.2">
            <payment type="REAL_MONEY"/>
            <purchase type="OFFER" amount="2902" bonus="0"/>
        </product>
        <product id="com.101xp.avataria.lvl30offer1_rus_andr" title="offerFashionTitle" priceUSD_ANDROID="2.99" platforms="ANDROID" builds="RU" priceOld="4.33">
            <payment type="REAL_MONEY"/>
            <purchase type="OFFER" amount="3001" bonus="0"/>
        </product>
        <product id="com.101xp.avataria.lvl30offer2_rus_andr" title="offerUsefulTitle" priceUSD_ANDROID="4.99" platforms="ANDROID" builds="RU" priceOld="7.2">
            <payment type="REAL_MONEY"/>
            <purchase type="OFFER" amount="3002" bonus="0"/>
        </product>

        <!-- LVL UP offers iOS -->

        <product id="com.101xp.avataria.lvl28offer1_rus" title="offerFashionTitle" priceUSD_IOS="2.99" platforms="IOS" builds="RU" priceOld="4.33">
            <payment type="REAL_MONEY"/>
            <purchase type="OFFER" amount="2801" bonus="0"/>
        </product>
        <product id="com.101xp.avataria.lvl28offer2_rus" title="offerUsefulTitle" priceUSD_IOS="4.99" platforms="IOS" builds="RU" priceOld="7.2">
            <payment type="REAL_MONEY"/>
            <purchase type="OFFER" amount="2802" bonus="0"/>
        </product>
        <product id="com.101xp.avataria.lvl29offer1_rus" title="offerFashionTitle" priceUSD_IOS="2.99" platforms="IOS" builds="RU" priceOld="4.33">
            <payment type="REAL_MONEY"/>
            <purchase type="OFFER" amount="2901" bonus="0"/>
        </product>
        <product id="com.101xp.avataria.lvl29offer2_rus" title="offerUsefulTitle" priceUSD_IOS="4.99" platforms="IOS" builds="RU" priceOld="7.2">
            <payment type="REAL_MONEY"/>
            <purchase type="OFFER" amount="2902" bonus="0"/>
        </product>
        <product id="com.101xp.avataria.lvl30offer1_rus" title="offerFashionTitle" priceUSD_IOS="2.99" platforms="IOS" builds="RU" priceOld="4.33">
            <payment type="REAL_MONEY"/>
            <purchase type="OFFER" amount="3001" bonus="0"/>
        </product>
        <product id="com.101xp.avataria.lvl30offer2_rus" title="offerUsefulTitle" priceUSD_IOS="4.99" platforms="IOS" builds="RU" priceOld="7.2">
            <payment type="REAL_MONEY"/>
            <purchase type="OFFER" amount="3002" bonus="0"/>
        </product>

    </products>
    
</config>