﻿<?xml version="1.0" encoding="UTF-8" ?>

<config>

    <!-- NY JOB -->

    <work id="npcHouse" zoneId="work">
        <icon name="NpcHouseWorkIcon" title="#npcHouseWorkTitle" visible="0" />
        <session length="240" mode="interval" />
        <scenarios mode="random">
            <scenario id="ncp1" type="pick">
                <loot>
                    <item id="1" typeId="gbTrash" minCount="5" maxCount="5" />
                </loot>
            </scenario>
        </scenarios>
    </work>

    <work id="garden" zoneId="work" loadingContent="garden,landscape" music="Job1">
        <icon name="GardenWorkIcon" title="#gardenWorkTitle" />
        <session length="60" mode="interval" />
        <scenarios mode="random">
            <scenario id="gd1" tmxmap="park/pubgarden_w1" type="service">
                <items>
                    <item typeId="gdBug" minCount="4" maxCount="6" />
                    <item typeId="gdFlw" minCount="13" maxCount="17" />
                    <item typeId="gdBtf" minCount="3" maxCount="3" />
                    <item typeId="gdIns" minCount="5" maxCount="6" />
                </items>
            </scenario>
            <scenario id="gd2" tmxmap="park/pubgarden_w2" type="service">
                <items>
                    <item typeId="gdBug" minCount="4" maxCount="6" />
                    <item typeId="gdFlw" minCount="13" maxCount="17" />
                    <item typeId="gdBtf" minCount="3" maxCount="3" />
                    <item typeId="gdIns" minCount="5" maxCount="6" />
                </items>
            </scenario>
            <scenario id="gd3" tmxmap="park/pubgarden_w3" type="service">
                <items>
                    <item typeId="gdBug" minCount="4" maxCount="6" />
                    <item typeId="gdFlw" minCount="13" maxCount="17" />
                    <item typeId="gdBtf" minCount="3" maxCount="3" />
                    <item typeId="gdIns" minCount="5" maxCount="6" />
                </items>
            </scenario>
        </scenarios>
    </work>

    <work id="fortune" zoneId="work" loadingContent="fortune" dresscode="fortune">
        <icon name="FortuneWorkIcon" title="#fortuneWorkTitle" />
        <session length="1" />
        <scenarios>
            <scenario id="fg1" map="fortune" type="fortune"/>
        </scenarios>
    </work>

    <work id="garbage" zoneId="work" loadingContent="street,yard,landscape" music="Job2">
        <icon name="GarbageWorkIcon" title="#streetLocationTitle" />
        <session length="30" mode="interval" />
        <scenarios mode="random">
            <scenario id="gb1" tmxmap="street/townsquare_work" type="pick">
                <loot>
                    <item id="1" typeId="gbTrash" minCount="18" maxCount="22" />
                    <item id="2" typeId="gbTrashEnrg" minCount="3" maxCount="5" />
					
					<item id="3" typeId="gbWater" minCount="1" maxCount="1" eventType="service" />
					<item id="4" typeId="gbClay" minCount="1" maxCount="1" eventType="service" />
					<item id="5" typeId="gbLikeCoin" minCount="1" maxCount="1" eventType="trash" />
					<item id="6" typeId="gbFlower" minCount="1" maxCount="1" eventType="service" />
					<item id="7" typeId="gbPeaceOfWood" minCount="1" maxCount="1" eventType="service" />
					<item id="8" typeId="gbPhotograph" minCount="1" maxCount="1" eventType="trash" />
                </loot>
            </scenario>
            <scenario id="gb2" tmxmap="school/science_class_work" type="pick">
                <loot>
                    <item id="1" typeId="gbTrash" minCount="15" maxCount="18" />
                    <item id="2" typeId="gbTrashEnrg" minCount="3" maxCount="5" />

					<item id="3" typeId="gbFeather" minCount="1" maxCount="1" eventType="pillow" />
					<item id="4" typeId="gbWick" minCount="1" maxCount="1" eventType="pillow" />
					<item id="5" typeId="gbThread" minCount="1" maxCount="1" eventType="pillow" />
					<item id="6" typeId="gbPearl" minCount="1" maxCount="1" eventType="beachRace" />
					<item id="7" typeId="gbShell" minCount="1" maxCount="1" eventType="beachRace" />
					<item id="8" typeId="gbSwordHilt" minCount="1" maxCount="1" eventType="trash" />
                </loot>
            </scenario>
        </scenarios>
    </work>

    <work id="nyJob" zoneId="work" visible="0">
        <icon name="GardenWorkIcon" title="#gardenWorkTitle" />
        <session length="12" mode="interval" />
        <scenarios mode="random">
            <scenario id="nyJobSc1" type="pick">
                <loot>
                    <item id="1" typeId="lootPearl" minCount="4" maxCount="4" />
                    <item id="2" typeId="lootWhelk" minCount="2" maxCount="2" />
                    <item id="3" typeId="lootRapa" minCount="6" maxCount="6" />
                </loot>
            </scenario>
        </scenarios>
    </work> 

    <work id="eventJob" zoneId="work" music="Hlwn" visible="1">
    <!--<work id="eventJob" zoneId="work" music="job1" visible="1"> раскомментировать и удалить верхнюю-->
        <!-- <icon name="GardenWorkIcon" title="#gardenWorkTitle" />-->
        <session length="120" mode="interval" />
        <scenarios mode="random">
            <scenario id="wtrs1" tmxmap="cafe/red_cafe_w1" type="service">
                <items>
                    <item id="1" typeId="srMeal" minCount="6" maxCount="6" />
                    <item id="2" typeId="srMealBig" minCount="3" maxCount="3" />
                    <item id="3" typeId="srMealSmall" minCount="6" maxCount="6" />
                </items>
            </scenario>
            <scenario id="wtrs2" tmxmap="cafe/red_cafe_w2" type="service">
                <items>
                    <item id="1" typeId="srMeal" minCount="6" maxCount="6" />
                    <item id="2" typeId="srMealBig" minCount="3" maxCount="3" />
                    <item id="3" typeId="srMealSmall" minCount="6" maxCount="6" />
                </items>
            </scenario>
            <scenario id="wtrs3" tmxmap="cafe/red_cafe_w3" type="service">
                <items>
                    <item id="1" typeId="srMeal" minCount="6" maxCount="6" />
                    <item id="2" typeId="srMealBig" minCount="3" maxCount="3" />
                    <item id="3" typeId="srMealSmall" minCount="6" maxCount="6" />
                </items>
            </scenario>
            <scenario id="gd1" tmxmap="cafe/red_cafe_w3" type="service">
                <items>
                    <item id="1" typeId="srMeal" minCount="6" maxCount="6" />
                    <item id="2" typeId="srMealBig" minCount="3" maxCount="3" />
                    <item id="3" typeId="srMealSmall" minCount="6" maxCount="6" />
                </items>
            </scenario>
            <scenario id="ej2" tmxmap="cafe/red_cafe_w3" type="service">
                <items>
                    <item id="1" typeId="srMeal" minCount="6" maxCount="6" />
                    <item id="2" typeId="srMealBig" minCount="3" maxCount="3" />
                    <item id="3" typeId="srMealSmall" minCount="6" maxCount="6" />
                </items>
            </scenario>
            <scenario id="ej3" tmxmap="cafe/red_cafe_w3" type="service">
                <items>
                    <item id="1" typeId="srMeal" minCount="6" maxCount="6" />
                    <item id="2" typeId="srMealBig" minCount="3" maxCount="3" />
                    <item id="3" typeId="srMealSmall" minCount="6" maxCount="6" />
                </items>
            </scenario>
            <scenario id="ej4" tmxmap="cafe/red_cafe_w3" type="service">
                <items>
                    <item id="1" typeId="srMeal" minCount="6" maxCount="6" />
                    <item id="2" typeId="srMealBig" minCount="3" maxCount="3" />
                    <item id="3" typeId="srMealSmall" minCount="6" maxCount="6" />
                </items>
            </scenario>
        </scenarios>
    </work>

</config>