<?xml version="1.0" encoding="UTF-8"?>
<config> 
	<eventCurrency id="hall21_Loot_Coin"/>
	<news>
		<!--<news name="iconBank" timestamp="1635516000" eventType="bank" placement="page_view"/>-->
		<news name="offers" eventType="offer" placement="page_view"/> 
		<!--<news name="iconLlamas" timestamp="1625666400" eventType="chests" placement="page_view"/>-->
		<news name="iconLlamasHlwn" timestamp="1636552800" eventType="chests" placement="page_view"/>
		<!--<news name="iconLlamasX2" timestamp="1629468000" eventType="chests" placement="page_view"/> -->
		<!--<news name="iconLlamasTerra" timestamp="1630504800" eventType="chests" placement="page_view"/>-->
		<!--<news name="iconLlamasVPSale" timestamp="1631394000" eventType="chests" placement="page_view"/>-->
		<!--<news name="iconLlamasCowork" timestamp="1632319200" eventType="chests" placement="page_view"/>-->
		<!--<news name="iconLlamasWW" timestamp="1632664800" eventType="chests" placement="page_view"/>-->
		<news name="iconLlamasHosp" timestamp="1636380000" eventType="chests" placement="page_view"/>
		<!--<news name="iconGeneral" timestamp="0" eventType="general" placement="right_scroll"/> -->
		<!--<news name="iconSaleFurniture" timestamp="1622642400" eventType="saleFurnuture" placement="page_view"/>-->
		<!--<news name="iconSaleClothes" timestamp="1629295200" eventType="saleClothes" placement="page_view"/>-->
		<news name="iconFest" timestamp="1636552800" eventType="seasonal" placement="left_scroll"/>
		<news name="iconItem" timestamp="1547737200" eventType="saleOfTheDay" placement="page_view"/>
		<!--<news name="iconBundle" timestamp="1629295200" eventType="bundles" placement="page_view"/>-->
		<news name="iconBundle631" timestamp="1635948000" eventType="bundles" placement="page_view"/>
		<news name="iconBundle632" timestamp="1635948000" eventType="bundles" placement="page_view"/>
		<news name="iconBundle625" timestamp="1635948000" eventType="bundles" placement="page_view"/>
		<news name="iconBundle633" timestamp="1636552800" eventType="bundles" placement="page_view"/>
		<news name="iconBundle634" timestamp="1636552800" eventType="bundles" placement="page_view"/>
		<!--<news name="iconFest" timestamp="1582725600" eventType="vip"/> -->
	</news>
	 <promoList> 
		<!--<promo link="" offer="8" icon="promo.png" placement="right_scroll" />--> 
	</promoList> -->
	<Sales>
        <FurSaleTime>
            <saleTime/>
            <saleTime_2/>
        </FurSaleTime>
        <BoyClothSaleTime>
            <boySaleTimeClothes/>
            <boySaleTimeClothes_2/>
        </BoyClothSaleTime>
        <GirlClothSaleTime>
            <girlSaleTimeClothes/>
            <girlSaleTimeClothes_2/>
        </GirlClothSaleTime>
    </Sales> 
</config>
