<?xml version="1.0" encoding="UTF-8"?>
<config>
<!-- Planned FROM here -->
    <item day="1" id="grkitchen_cooker" silver="19900"/>

    <item day="2" id="grkitchen_sink" silver="19800"/>

    <item day="3" id="boyShorts_vvsnnmbg_g" silver="7500" gender="1"/>
    <item day="3" id="girlShoes_nshglvggn_g" silver="4800" gender="2"/>

    <item day="4" id="boyHat_vvsnnmbg_y" silver="5700" gender="1"/>
    <item day="4" id="girlHat_kttkthwht_beq" silver="7600" gender="2"/>

    <item day="5" id="boyBag_vvsnnmbg_v" silver="45" gender="1"/>
    <item day="5" id="girlPantyhose_nshglvggn_g" silver="33" gender="2"/>

    <item day="6" id="boyShirts_vvsnnmbg_r" silver="7300" gender="1"/>
    <item day="6" id="girlShirt_nshglvggn_g" silver="7800" gender="2"/>

    <item day="7" id="boyJacket_vvsnnmbg_y" silver="11800" gender="1"/>
    <item day="7" id="girlSkirt_nshglvggn_g" silver="10200" gender="2"/>
    
    <item day="8" id="boyPants_ctnmkpkd_g" silver="8200" gender="1"/>
    <item day="8" id="girlNecklace_kttkthwht_beq" gold="29" gender="2"/>

    <item day="9" id="boyShoes_ctnmkpkd_g" gold="59" gender="1"/>
    <item day="9" id="girlOther_kttkthwht_g" gold="39" gender="2"/>

    <item day="10" id="cldwntrrm_door" silver="9800" />

    <item day="11" id="cldwntrrm_window" silver="10500"/>

    <item day="11" id="cldwntrrm_floor" silver="11900"/>

    <item day="13" id="cldwntrrm_carpet" gold="79"/>

    <item day="14" id="cldwntrrm_sink" silver="19600"/>

    <item day="15" id="cldwntrrm_wall" silver="12900"/>

    <item day="16" id="cldwntrrm_armchair" silver="13300"/>

    <item day="20" id="boyShoes_vnmrls_ble" silver="5555" gender="1"/>
    <item day="20" id="girlShoes_lkndnrzhn_rnb1" silver="4444" gender="2"/>

    <item day="20" id="boyJacket_lkndnrzhn_ble" silver="13600" gender="1"/>
    <item day="20" id="girlShirts_vnmrls_ble" silver="10500" gender="2"/>

    <item day="20" id="boyShoes_lkndnrzhn_g" silver="4400" gender="1"/>
    <item day="20" id="girlShoes_kttkthwht_beq" silver="6500" gender="2"/>

    <item day="20" id="boyJacket_ctnmkpkd_g" silver="15500" gender="1"/>
    <item day="20" id="girlDress_kttkthwht_beq" silver="16800" gender="2"/>

    <item day="21" id="boyShirts_ctnmkpkd_g" silver="6400" gender="1"/>
    <item day="21" id="girlDress_lkndnrzhn_r" silver="21300" gender="2"/>

    <item day="22" id="boyPants_lkndnrzhn_r" silver="8300" gender="1"/>
    <item day="22" id="girlPants_vnmrls_gr" silver="7600" gender="2"/>

    <item day="23" id="boyMuffler_lkndnrzhn_rnbw1" silver="6700" gender="1"/>
    <item day="23" id="girlNecklace_lkndnrzhn_r" silver="4000" gender="2"/>

    <item day="24" id="swttroom_table" silver="12900" />

    <item day="24" id="swttroom_showcase" silver="7400" />

    <item day="24" id="swttroom_wall" silver="10900" />

    <item day="27" id="swttroom_inter_table" gold="239"/>

    <item day="28" id="swttroom_shelf_decor" silver="12500"/>
<!-- Planned TILL here -->
    <item day="29" id="armchair11" gold="4"/>

    <item day="30" id="bedVip1" gold="22"/>

    <item day="31" id="boyOther_ctlttlstr_v" gold="49" gender="1"/>
    <item day="31" id="girlOther_lgkkprshk_y" gold="49" gender="2"/>

</config>