<?xml version="1.0" encoding="UTF-8"?>

<config>

     
<!--
    <item label="EventShopLabel" shop="event" posX="1" posY="0" icon="igui/shops/Event_shop8_btn.png" special="true">
    </item>

    <item label="AvatourShopLabel" shop="avatour" posX="2" posY="0" width="776" height="618" special="true" icon="igui/shops/Buy_avatourSjop9_btn.png">
        <tab category="boyShopAvatourClothes" type="clothes" gender="boy"/>
        <tab category="girlShopAvatourClothes" type="clothes" gender="girl"/>
        <tab category="shopAvatour" type="furniture"/>
    </item>

    <item label="notEnougthGoldLabel" shop="bank" posX="3" posY="0" width="521" height="618" icon="igui/shops/Buy_bank8_btn.png"/>

    <item label="clothesCategoryAcs" shop="clothesOnly" posX="2" posY="1" width="521" height="618" icon="igui/shops/Buy_accessories9_btn.png">
        <tab category="girlAccsHead" type="clothes" gender="girl" />
        <tab category="girlAccsClothes" type="clothes" gender="girl" />
        <tab category="girlAccsJewels" type="clothes" gender="girl" />
        <tab category="girlAccsExtra" type="clothes" gender="girl" />
        <tab category="girlAccsItems" type="clothes" gender="girl" />
        <tab category="girlTattoos" type="clothes" gender="girl" />
        <tab category="boyAccsHead" type="clothes" gender="boy" />
        <tab category="boyAccsClothes" type="clothes" gender="boy" />
        <tab category="boyAccsJewels" type="clothes" gender="boy" />
        <tab category="boyAccsExtra" type="clothes" gender="boy" />
        <tab category="boyAccsItems" type="clothes" gender="boy" />
        <tab category="boyTattoos" type="clothes" gender="boy" />
    </item>

    <item label="weddingShopTitle" shop="wedding" posX="3" posY="1" width="383" height="618" icon="igui/shops/Buy_marriage9_btn.png"/>

    <item label="giftsAndJokesCategory" shop="giftsAndJokes" posX="4" posY="1" width="383" height="618" icon="igui/shops/Buy_other9_btn_all.png"/> 

    <item label="clothesShopTitle" shop="clothes" posX="0" posY="0" icon="igui/shops/Buy_clothes8_btn.png" >
        <tab category="boyEventClothes" type="clothes" gender="boy"/>
        <tab category="girlEventClothes" type="clothes" gender="girl"/>
        <tab category="boySaleClothes" type="clothes" gender="boy"/>
        <tab category="girlSaleClothes" type="clothes" gender="girl"/>
        <tab category="girlTopClothes" type="clothes" gender="girl" />
        <tab category="girlBottomClothes" type="clothes" gender="girl" />
        <tab category="girlShoes" type="clothes" gender="girl" />
        <tab category="girlDress" type="clothes" gender="girl" />
        <tab category="girlSuits" type="clothes" gender="girl" />
        <tab category="girlSwimsuit" type="clothes" gender="girl" />
        <tab category="girlUndergarmentsBasics" type="clothes" gender="girl" />
        <tab category="boyTopClothes" type="clothes" gender="boy" />
        <tab category="boyBottomClothes" type="clothes" gender="boy" />
        <tab category="boyShoes" type="clothes" gender="boy" />
        <tab category="boySuits" type="clothes" gender="boy" />
        <tab category="boySwimsuit" type="clothes" gender="boy" />
        <tab category="boyUndergarmentsBasics" type="clothes" gender="boy" />
    </item>

    <item label="furnitureShopTitle" shop="furniture" posX="0" posY="1" icon="igui/shops/Buy_decor8_btn.png">
        <tab category="event" type="furniture"/>
        <tab category="sale2" type="furniture"/>
        <tab category="sale" type="furniture"/>
        <tab category="0" type="furniture"/>
        <tab category="11" type="furniture"/>
        <tab category="livingroom" type="furniture"/>
        <tab category="18" type="furniture"/>
        <tab category="bedroom" type="furniture"/>
        <tab category="24" type="furniture"/>
        <tab category="16" type="furniture"/>
        <hidden category="nyFir"/>
        <hidden category="craftSocial"/>
        <hidden category="achievements"/>
    </item>
-->

<!--
    <item label="clothesShopTitle" shop="clothesOnly" posX="1" posY="0" width="776" height="618" icon="igui/shops/Buy_clothes9_btn.png">
        <tab category="girlTopClothes" type="clothes" gender="girl" />
        <tab category="girlBottomClothes" type="clothes" gender="girl" />
        <tab category="girlShoes" type="clothes" gender="girl" />
        <tab category="girlDress" type="clothes" gender="girl" />
        <tab category="girlSuits" type="clothes" gender="girl" />
        <tab category="girlSwimsuit" type="clothes" gender="girl" />
        <tab category="girlUndergarmentsBasics" type="clothes" gender="girl" />
        <tab category="boyTopClothes" type="clothes" gender="boy" />
        <tab category="boyBottomClothes" type="clothes" gender="boy" />
        <tab category="boyShoes" type="clothes" gender="boy" />
        <tab category="boySuits" type="clothes" gender="boy" />
        <tab category="boySwimsuit" type="clothes" gender="boy" />
        <tab category="boyUndergarmentsBasics" type="clothes" gender="boy" />
    </item>

    <item label="furnitureShopTitle" shop="furnitureOnly" posX="1" posY="1" width="776" height="618" icon="igui/shops/Buy_decor9_btn.png">
        <tab category="0" type="furniture"/>
        <tab category="11" type="furniture"/>
        <tab category="livingroom" type="furniture"/>
        <tab category="18" type="furniture"/>
        <tab category="bedroom" type="furniture"/>
        <tab category="24" type="furniture"/>
        <tab category="16" type="furniture"/>
        <hidden category="nyFir"/>
        <hidden category="craftSocial"/>
        <hidden category="achievements"/>
    </item>

    <item label="newClothesLabel" shop="new" posX="0" posY="0" width="521" height="618" icon="igui/shops/Buy_new9_btn.png">
        <tab category="boyEventClothes" type="clothes" gender="boy"/>
        <tab category="girlEventClothes" type="clothes" gender="girl"/>
        <tab category="event" type="furniture"/>
        <tab category="sale2" type="furniture"/>
    </item>

    <item label="salesDialogTitle" shop="sale" posX="0" posY="1" width="521" height="618" icon="igui/shops/Buy_sale9_btn.png">
        <tab category="boySaleClothes" type="clothes" gender="boy"/>
        <tab category="girlSaleClothes" type="clothes" gender="girl"/>
        <tab category="sale" type="furniture"/>
    </item>    

    <item label="AvatourShopLabel" shop="avatour" posX="2" posY="0" width="776" height="618" special="true" icon="igui/shops/Buy_avatourSjop9_btn.png">
    </item>

    <item label="notEnougthGoldLabel" shop="bank" posX="3" posY="0" width="521" height="618" icon="igui/shops/Buy_bank9_btn.png"/>

    <item label="clothesCategoryAcs" shop="clothesOnly" posX="2" posY="1" width="521" height="618" icon="igui/shops/Buy_accessories9_btn.png">
        <tab category="girlAccsHead" type="clothes" gender="girl" />
        <tab category="girlAccsClothes" type="clothes" gender="girl" />
        <tab category="girlAccsJewels" type="clothes" gender="girl" />
        <tab category="girlAccsExtra" type="clothes" gender="girl" />
        <tab category="girlAccsItems" type="clothes" gender="girl" />
        <tab category="girlTattoos" type="clothes" gender="girl" />
        <tab category="boyAccsHead" type="clothes" gender="boy" />
        <tab category="boyAccsClothes" type="clothes" gender="boy" />
        <tab category="boyAccsJewels" type="clothes" gender="boy" />
        <tab category="boyAccsExtra" type="clothes" gender="boy" />
        <tab category="boyAccsItems" type="clothes" gender="boy" />
        <tab category="boyTattoos" type="clothes" gender="boy" />
    </item>

    <item label="weddingShopTitle" shop="wedding" posX="3" posY="1" width="383" height="618" icon="igui/shops/Buy_marriage9_btn.png"/>

    <item label="giftsAndJokesCategory" shop="giftsAndJokes" posX="4" posY="1" width="383" height="618" icon="igui/shops/Buy_other9_btn_all.png"/>

    <item label="newClothesLabel" shop="new" posX="2" posY="0" width="678" height="618" icon="igui/shops/newNew.png">
        <tab category="boyEventClothes" type="clothes" gender="boy"/>
        <tab category="girlEventClothes" type="clothes" gender="girl"/>
        <tab category="event" type="furniture"/>
        <tab category="sale2" type="furniture"/>
    </item>
-->

<item label="clothesShopTitle" shop="clothesOnly" posX="0" posY="0" width="550" height="618" icon="igui/shops/clothesNew.png">
        <tab category="girlTopClothes" type="clothes" gender="girl" />
        <tab category="girlBottomClothes" type="clothes" gender="girl" />
        <tab category="girlShoes" type="clothes" gender="girl" />
        <tab category="girlDress" type="clothes" gender="girl" />
        <tab category="girlSuits" type="clothes" gender="girl" />
        <tab category="girlUndergarmentsBasics" type="clothes" gender="girl" />
        <tab category="boyTopClothes" type="clothes" gender="boy" />
        <tab category="boyBottomClothes" type="clothes" gender="boy" />
        <tab category="boyShoes" type="clothes" gender="boy" />
        <tab category="boySuits" type="clothes" gender="boy" />
        <tab category="boyUndergarmentsBasics" type="clothes" gender="boy" />
    </item>

    <item label="clothesCategoryAcs" shop="clothesOnly" posX="1" posY="0" width="453" height="618" icon="igui/shops/accessoriesNew.png">
        <tab category="girlAccsHead" type="clothes" gender="girl" />
        <tab category="girlAccsClothes" type="clothes" gender="girl" />
        <tab category="girlAccsJewels" type="clothes" gender="girl" />
        <tab category="girlAccsExtra" type="clothes" gender="girl" />
        <tab category="girlAccsItems" type="clothes" gender="girl" />
        <tab category="girlTattoos" type="clothes" gender="girl" />
        <tab category="boyAccsHead" type="clothes" gender="boy" />
        <tab category="boyAccsClothes" type="clothes" gender="boy" />
        <tab category="boyAccsJewels" type="clothes" gender="boy" />
        <tab category="boyAccsExtra" type="clothes" gender="boy" />
        <tab category="boyAccsItems" type="clothes" gender="boy" />
        <tab category="boyTattoos" type="clothes" gender="boy" />
    </item>

    <item label="EventShopLabel" shop="event" posX="2" posY="0" width="678" height="618" icon="igui/shops/shop_SV2019.png" special="true">
    </item>

    <item label="salesDialogTitle" shop="sale" posX="3" posY="0" width="678" height="618" icon="igui/shops/saleNew.png">
        <tab category="boySaleClothes" type="clothes" gender="boy"/>
        <tab category="girlSaleClothes" type="clothes" gender="girl"/>
        <tab category="sale" type="furniture"/>
    </item>   

    <item label="notEnougthGoldLabel" shop="bank" posX="4" posY="0" width="453" height="618" icon="igui/shops/bankNew.png"/>

    <item label="furnitureShopTitle" shop="furnitureOnly" posX="0" posY="1" width="550" height="618" icon="igui/shops/furnitureNew.png">
        <tab category="0" type="furniture"/>
        <tab category="11" type="furniture"/>
        <tab category="livingroom" type="furniture"/>
        <tab category="18" type="furniture"/>
        <tab category="bedroom" type="furniture"/>
        <tab category="24" type="furniture"/>
        <tab category="16" type="furniture"/>
        <hidden category="nyFir"/>
        <hidden category="craftSocial"/>
        <hidden category="achievements"/>
    </item> 

    <item label="giftsAndJokesCategory" shop="giftsAndJokes" posX="1" posY="1" width="453" height="618" icon="igui/shops/otherNew.png"/>

    <item label="AvatourShopLabel" shop="avatour" posX="2" posY="1" width="453" height="618" special="true" icon="igui/shops/avatourNew.png">
    </item>

    <item label="BeachFightclothes" shop="clothesOnly" posX="3" posY="1" width="453" height="618" icon="igui/shops/beachNew.png">
        <tab category="girlPistols" type="clothes" gender="girl" />
        <tab category="boyPistols" type="clothes" gender="boy" />
        <tab category="girlSwimsuit" type="clothes" gender="girl" />
        <tab category="boySwimsuit" type="clothes" gender="boy" />
    </item>

    <item label="weddingShopTitle" shop="wedding" posX="4" posY="1" width="453" height="618" icon="igui/shops/weddingNew.png"/>

</config>
