<?xml version="1.0" encoding="UTF-8" ?>
<config>

	<!-- BANK BUNDLES -->

	<offer id="601" type="furniture" title="offer601title" bg="bg_bundle" icon="art_offer_601"/>
	<offer id="602" type="furniture" title="offer602title" bg="bg_bundle" icon="art_offer_602"/>
	<offer id="603" type="clothes" title="offer603title" bg="bg_bundle" icon="bg_bundle_clothes" clothes="boyShirt_marafon1,boyPants_marafon1,boyShoes_marafon1,girlShirt_marafon1,girlSkirt_marafon1,girlShoes_marafon1"/>
	<offer id="604" type="furniture" title="offer604title" bg="bg_bundle" icon="art_offer_604"/>
	<offer id="605" type="furniture" title="lnsroom_label" bg="bg_bundle" icon="art_offer_605"/>
	<offer id="606" type="furniture" title="proGamer_label" bg="bg_bundle" icon="art_offer_606"/>
	<offer id="607" type="furniture" title="studroom_label" bg="bg_bundle" icon="art_offer_607"/>
	<offer id="608" type="clothes" title="offer608title" bg="bg_bundle" icon="bg_bundle_clothes" clothes="boyShirt_marafon1,boyPants_marafon1,boyShoes_marafon1,girlShirt_marafon1,girlSkirt_marafon1,girlShoes_marafon1"/>
	<offer id="609" type="furniture" title="drgnrm_label" bg="bg_bundle" icon="art_offer_609"/>
	<offer id="610" type="furniture" title="NY14NY18Label" bg="bg_bundle" icon="art_offer_610"/>
	<offer id="611" type="furniture" title="offer611title" bg="bg_bundle" icon="art_offer_611"/>
	<offer id="612" type="furniture" title="TropicalSpring19" bg="bg_bundle" icon="art_offer_612"/>
	<offer id="613" type="furniture" title="offer613title" bg="bg_bundle" icon="art_offer_613"/>
	<offer id="614" type="furniture" title="offer614title" bg="bg_bundle" icon="art_offer_614"/>
	<offer id="615" type="furniture" title="SHRoom_label" bg="bg_bundle" icon="art_offer_615"/>
	<offer id="616" type="furniture" title="rmfrwrkg_label" bg="bg_bundle" icon="art_offer_616"/>
	<offer id="617" type="furniture" title="offer617title" bg="bg_bundle" icon="art_offer_617"/>
	<offer id="618" type="furniture" title="studroom_label" bg="bg_bundle" icon="art_offer_607_ed"/>
	<offer id="619" type="furniture" title="offer618title" bg="bg_bundle" icon="art_offer_618"/>
	<offer id="620" type="furniture" title="turkishbath_label" bg="bg_bundle" icon="art_offer_620"/>
	<offer id="621" type="furniture" title="bundleDachaResidentLabel" bg="bg_bundle" icon="art_offer_621"/>
	<offer id="622" type="furniture" title="bundleDachaSetLabel" bg="bg_bundle" icon="art_offer_622"/>
	<offer id="623" type="furniture" title="summerBundleTitle" bg="bg_bundle" icon="art_offer_623"/>
	<offer id="624" type="furniture" title="offer624title" bg="bg_bundle" icon="art_offer_624"/>
	<offer id="625" type="furniture" title="offer625title" bg="bg_bundle" icon="art_offer_625"/>
	<offer id="626" type="furniture" title="offer626title" bg="bg_bundle" icon="art_offer_626"/>
	<offer id="627" type="furniture" title="MagicForest19_label" bg="bg_bundle" icon="art_offer_627"/>
	<offer id="628" type="furniture" title="beachminievent_label" bg="bg_bundle" icon="art_offer_628"/>
	<offer id="629" type="furniture" title="backToSchoolLabel" bg="bg_bundle" icon="art_offer_629"/>
	<offer id="630" type="furniture" title="offer617title" bg="bg_bundle" icon="art_offer_617"/>
	<offer id="631" type="furniture" title="offer631title" bg="bg_bundle" icon="art_offer_631"/>
	<offer id="632" type="furniture" title="offer632title" bg="bg_bundle" icon="art_offer_632"/>
	<offer id="633" type="furniture" title="bundle_633_label" bg="bg_bundle" icon="art_offer_633"/>
	<offer id="634" type="furniture" title="bundle_634_label" bg="bg_bundle" icon="art_offer_634"/>
	<offer id="636" type="clothes" title="bundle_636_label" bg="bg_bundle" icon="bg_bundle_clothes" clothes="boyShirt_marafon1,boyPants_marafon1,boyShoes_marafon1,girlShirt_marafon1,girlSkirt_marafon1,girlShoes_marafon1"/>




	<!-- SETKA -->

	<offer id="101" type="clothes" title="offer101Title" bg="bg_bundle" icon="bg_bundle_clothes_1" clothes="boyShirt_marafon1,boyPants_marafon1,boyShoes_marafon1,girlShirt_marafon1,girlSkirt_marafon1,girlShoes_marafon1"/>
	<offer id="102" type="furniture" title="offer102Title" bg="bg_bundle" icon="promoart_furniture_nochar_3"/>
	<offer id="103" type="clothes" title="offer103Title" bg="bg_bundle" icon="bg_bundle_clothes_1" clothes="boyShirt_marafon1,boyPants_marafon1,boyShoes_marafon1,girlShirt_marafon1,girlSkirt_marafon1,girlShoes_marafon1"/>
	<offer id="104" type="furniture" title="offer104Title" bg="bg_bundle" icon="promoart_furniture_nochar_5"/>
	<offer id="105" type="clothes" title="offer105Title" bg="bg_bundle" icon="bg_bundle_clothes_1" clothes="boyShirt_marafon1,boyPants_marafon1,boyShoes_marafon1,girlShirt_marafon1,girlSkirt_marafon1,girlShoes_marafon1"/>

	<offer id="106" type="furniture" title="offer106Title" bg="bg_bundle" icon="promoart_furniture_nochar_3"/>
	<offer id="107" type="clothes" title="offer107Title" bg="bg_bundle" icon="bg_bundle_clothes_1" clothes="boyShirt_marafon1,boyPants_marafon1,boyShoes_marafon1,girlShirt_marafon1,girlSkirt_marafon1,girlShoes_marafon1"/>
	<offer id="108" type="furniture" title="offer108Title" bg="bg_bundle" icon="promoart_furniture_nochar_2"/>
	<offer id="109" type="clothes" title="offer109Title" bg="bg_bundle" icon="bg_bundle_clothes_1" clothes="boyShirt_marafon1,boyPants_marafon1,boyShoes_marafon1,girlShirt_marafon1,girlSkirt_marafon1,girlShoes_marafon1"/>

	<offer id="110" type="clothes" title="offer110Title" bg="bg_bundle" icon="bg_bundle_clothes_1" clothes="boyShirt_marafon1,boyPants_marafon1,boyShoes_marafon1,girlShirt_marafon1,girlSkirt_marafon1,girlShoes_marafon1"/>
	<offer id="111" type="furniture" title="offer111Title" bg="bg_bundle" icon="promoart_furniture_nochar_2"/>
	<offer id="112" type="clothes" title="offer112Title" bg="bg_bundle" icon="bg_bundle_clothes_1" clothes="boyShirt_marafon1,boyPants_marafon1,boyShoes_marafon1,girlShirt_marafon1,girlSkirt_marafon1,girlShoes_marafon1"/>
	<offer id="113" type="furniture" title="offer113Title" bg="bg_bundle" icon="promoart_furniture_nochar_1"/>

	<offer id="114" type="furniture" title="offer114Title" bg="bg_bundle" icon="promoart_furniture_nochar_2"/>
	<offer id="115" type="clothes" title="offer115Title" bg="bg_bundle" icon="bg_bundle_clothes_1" clothes="boyShirt_marafon1,boyPants_marafon1,boyShoes_marafon1,girlShirt_marafon1,girlSkirt_marafon1,girlShoes_marafon1"/>
	<offer id="116" type="furniture" title="offer116Title" bg="bg_bundle" icon="promoart_furniture_nochar_1"/>
	<offer id="117" type="furniture" title="offer117Title" bg="bg_bundle" icon="promoart_furniture_nochar_4"/>

	<offer id="118" type="clothes" title="offer118Title" bg="bg_bundle" icon="bg_bundle_clothes_1" clothes="boyShirt_marafon1,boyPants_marafon1,boyShoes_marafon1,girlShirt_marafon1,girlSkirt_marafon1,girlShoes_marafon1"/>
	<offer id="119" type="furniture" title="offer119Title" bg="bg_bundle" icon="promoart_furniture_nochar_1"/>
	<offer id="120" type="furniture" title="offer120Title" bg="bg_bundle" icon="promoart_furniture_nochar_4"/>
	<offer id="121" type="clothes" title="offer121Title" bg="bg_bundle" icon="bg_bundle_clothes_1" clothes="boyShirt_marafon1,boyPants_marafon1,boyShoes_marafon1,girlShirt_marafon1,girlSkirt_marafon1,girlShoes_marafon1"/>

	<offer id="122" type="furniture" title="offer118Title" bg="bg_bundle" icon="art_offer_curr" align="right"/>
	<offer id="123" type="furniture" title="offer119Title" bg="bg_bundle" icon="art_offer_curr" align="right"/>
	<offer id="124" type="furniture" title="offer120Title" bg="bg_bundle" icon="art_offer_curr" align="right"/>
	<offer id="125" type="furniture" title="offer121Title" bg="bg_bundle" icon="art_offer_curr" align="right"/>

	<!-- LVL UP offers -->

	<offer id="2801" type="clothes" title="offerFashionTitle" bg="bg_bundle" icon="bg_bundle_clothes_1" clothes="boyShirt_marafon1,boyPants_marafon1,boyShoes_marafon1,girlShirt_marafon1,girlSkirt_marafon1,girlShoes_marafon1"/>
	<offer id="2802" type="clothes" title="offerUsefulTitle" bg="bg_bundle" icon="bg_bundle_clothes_1" clothes="boyShirt_marafon1,boyPants_marafon1,boyShoes_marafon1,girlShirt_marafon1,girlSkirt_marafon1,girlShoes_marafon1"/>
	<offer id="2901" type="clothes" title="offerFashionTitle" bg="bg_bundle" icon="bg_bundle_clothes_1" clothes="boyShirt_marafon1,boyPants_marafon1,boyShoes_marafon1,girlShirt_marafon1,girlSkirt_marafon1,girlShoes_marafon1"/>
	<offer id="2902" type="clothes" title="offerUsefulTitle" bg="bg_bundle" icon="bg_bundle_clothes_1" clothes="boyShirt_marafon1,boyPants_marafon1,boyShoes_marafon1,girlShirt_marafon1,girlSkirt_marafon1,girlShoes_marafon1"/>
	<offer id="3001" type="clothes" title="offerFashionTitle" bg="bg_bundle" icon="bg_bundle_clothes_1" clothes="boyShirt_marafon1,boyPants_marafon1,boyShoes_marafon1,girlShirt_marafon1,girlSkirt_marafon1,girlShoes_marafon1"/>
	<offer id="3002" type="clothes" title="offerUsefulTitle" bg="bg_bundle" icon="bg_bundle_clothes_1" clothes="boyShirt_marafon1,boyPants_marafon1,boyShoes_marafon1,girlShirt_marafon1,girlSkirt_marafon1,girlShoes_marafon1"/>

	
	<!-- WEEKLY OFFERS -->

	<offer id="4013" type="clothes" title="offer5Title" bg="bg_bundle" icon="bg_bundle_clothes" clothes="boyShirt_marafon1,boyPants_marafon1,boyShoes_marafon1,girlShirt_marafon1,girlSkirt_marafon1,girlShoes_marafon1"/>
	<offer id="5019" type="clothes" title="offer4Title" bg="bg_bundle" icon="bg_bundle_clothes" clothes="boyShirt_marafon1,boyPants_marafon1,boyShoes_marafon1,girlShirt_marafon1,girlSkirt_marafon1,girlShoes_marafon1"/>
	<offer id="6017" type="clothes" title="offer12Title" bg="bg_bundle" icon="bg_bundle_clothes_1" clothes="boyShirt_marafon1,boyPants_marafon1,boyShoes_marafon1,girlShirt_marafon1,girlSkirt_marafon1,girlShoes_marafon1"/>

	<!-- OTHER OFFERS -->

	<offer id="20" type="furniture" title="offer20Title" bg="bg_bundle" icon="promoart_furniture_chars_2" />
	<offer id="17" type="furniture" title="offer17Title" bg="bg_bundle" icon="promoart_furniture_chars_1" />

	<offer id="9" type="clothes" title="trickyOfferHeader" bg="bg_fo4" icon="promo_art_fo4" clothes="boyShirt_marafon1,boyPants_marafon1,boyShoes_marafon1,girlShirt_marafon1,girlSkirt_marafon1,girlShoes_marafon1"/>

	<!-- WATER PISTOL BUNDLE -->
	<offer id="10000" type="beach" title="YourFirstGunTitle" bg="bg_merged" icon="bg_character_waterpistol" clothes="boySwimsuit_poolparty,girlSwimsuit_poolparty" ribbon="YourFirstGun_ribbon" can_close="false" item_bg="art_under_gun" comment="YourFirstGun_comment" button="YourFirstGun_button" link="initial_pistol"/>


</config>
