<?xml version="1.0" encoding="UTF-8"?>

<config turnCount="5" energyPrice="30" promoWeaponIdGirl="girlPistol_abslfrstgun" promoWeaponIdBoy="boyPistol_abslfrstgun" requestTimeout="30" timeout="15">
    <moves>
        <move id="0" energy="0" bonus="0" type="undefined" target="undefined">
            <animation name="BF_idle" duration="2"/>
            <damage min="0" max="0" />
            <blockDamage min="0" max="0" />
        </move>

        <move id="98" energy="0" bonus="0" type="damaged" target="top">
            <animation name="BF_gethit" duration="2"/>
            <damage min="0" max="0" />
            <blockDamage min="0" max="0" />
        </move>
        
        <move id="99" energy="0" bonus="0" type="damaged" target="bottom">
            <animation name="BF_gethit" duration="2"/>
            <damage min="0" max="0" />
            <blockDamage min="0" max="0" />
        </move>
        
        <move id="1" title="#fightPillowUpMove" icon="FightPillowUpIcon@location" energy="0" bonus="1" type="attack" target="top">
            <animation name="BF_shoot_head" duration="2"/>
            <damage min="22" max="25" />
            <blockDamage min="0" max="0" />
        </move>
        
        <move id="2" title="#fightPillowDownMove" icon="FightPillowDownIcon@location" energy="0" bonus="1" type="attack" target="bottom">
            <animation name="BF_shoot_leg" duration="2"/>
            <damage min="20" max="23" />
            <blockDamage min="0" max="0" />
        </move>
        
        <move id="3" title="#fightDefenceUpMove" icon="FightDefenceUpIcon@location" energy="0" bonus="1" type="block" target="top">
            <animation name="BF_block_head" duration="2"/>
        </move>
        
        <move id="4" title="#fightDefenceDownMove" icon="FightDefenceDownIcon@location" energy="0" bonus="1" type="block" target="bottom">
            <animation name="BF_block_leg" duration="2"/>
        </move>
    </moves>

    <rewards>
        <reward id = "win">
            <item id="exp" count="0"/>
            <item id="gld" count="0"/>
            <item id="slvr" count="0"/>
            <item id="enrg" count="0"/> 
            <item id="Loot_ShellCoin" count="5"/>
        </reward>
        <reward id = "win_vip">
            <item id="exp" count="0"/>
            <item id="gld" count="0"/>
            <item id="slvr" count="0"/>
            <item id="enrg" count="0"/>
            <item id="Loot_ShellCoin" count="10"/>
        </reward>
        <reward id = "lose">
            <item id="slvr" count="0"/>
            <item id="enrg" count="0"/>
            <item id="Loot_ShellCoin" count="2"/>
        </reward>
        <reward id = "lose_vip">
            <item id="slvr" count="0"/>
            <item id="enrg" count="0"/>
            <item id="Loot_ShellCoin" count="4"/>
        </reward>
    </rewards>
</config>
